-- phpMyAdmin SQL Dump
-- version 4.7.4
-- https://www.phpmyadmin.net/
--
-- Servidor: 127.0.0.1
-- Tiempo de generación: 21-04-2018 a las 14:13:07
-- Versión del servidor: 10.1.28-MariaDB
-- Versión de PHP: 7.1.11

SET SQL_MODE = "NO_AUTO_VALUE_ON_ZERO";
SET AUTOCOMMIT = 0;
START TRANSACTION;
SET time_zone = "+00:00";


/*!40101 SET @OLD_CHARACTER_SET_CLIENT=@@CHARACTER_SET_CLIENT */;
/*!40101 SET @OLD_CHARACTER_SET_RESULTS=@@CHARACTER_SET_RESULTS */;
/*!40101 SET @OLD_COLLATION_CONNECTION=@@COLLATION_CONNECTION */;
/*!40101 SET NAMES utf8mb4 */;

--
-- Base de datos: `proyectofinal`
--
CREATE DATABASE proyectoFinal;
USE proyectoFinal;
-- --------------------------------------------------------

--
-- Estructura de tabla para la tabla `articulo`
--

CREATE TABLE `articulo` (
  `idArticulo` int(11) NOT NULL,
  `titulo` varchar(25) DEFAULT NULL,
  `imagen` longblob,
  `descripcion` varchar(100) DEFAULT NULL,
  `contenido` text,
  `numVisitas` int(11) DEFAULT NULL,
  `idUsuario` int(11) DEFAULT NULL
) ENGINE=InnoDB DEFAULT CHARSET=latin1;

--
-- Volcado de datos para la tabla `articulo`
--

INSERT INTO `articulo` (`idArticulo`, `titulo`, `imagen`, `descripcion`, `contenido`, `numVisitas`, `idUsuario`) VALUES
(1, 'KTM nueva', 0xffd8ffe000104a46494600010100000100010000ffdb0084000906071312121512131315161517181a1a1815171918181d1620181a1a1a21191a1a1e1d2a221e1e25211e1f213121272a2b2e2e2e1a203338332d37282d2e2b010a0a0a0e0d0e1a10101b2f251d2530352d2d2d2d2b2d2d2d372d2f2d2d2d322d2d2f2d302d302d372d2d2d2d2d2d2d2d2d2d2d2d2d2d2b2d2d2d2d2d2d2d2d2dffc000110800b7011303012200021101031101ffc4001c0001000203010101000000000000000000000607030405020801ffc400481000020102040404040207050506070000010203001104122131050613410722516132718191144223525362a1b1c143728292f0173344d1e1153463a2b2f116245483c2c3d2ffc400190101010101010100000000000000000000000103020405ffc4002b1101010002010205020505000000000000000102110321310412224151617113143291c14281a1b1e1ffda000c03010002110311003f00bc694a50294a50294a50294a50294a50294a50294a50294a50294a50294a5029587198a4891e490e54452ccde8145c9fb54270fe20c72e296088480bca117aa8111be12c2e7cc1825d8036be961413ca572f1dc7e089437511aed9405606e6c4db4bdb404fd2b1f06e2ad2bb2b0007c4b6f4f43ea683b14a52814a52814a52814a52814a52814a52814a52814a52814a52814a52814a52814a52814a52814a52814a52814a5282aaf15b817119655784bcd8760cbd14de22caab9996fe71b9bee2e46c75a9a2926c2e2c75cb2cb87915ca921ce752b627cd636d3bf6b57d4bc471d1c11b4b21b2adbb12492400aa06acc490028d49200deaa7e2d85827c3e364934638b950a5d55cdacca2f7d08f369aefed52f45937d112838919278a231c8f32b060d05c580b95283bdd4ea763ded566f86b81e2219e4c6cc8e840e9a85405479af7288a2ff0f73f09f5aa778c42cd91142f5b0c17232a8019090543311e7b7626dbdb6d2ae3f0eb986668162c60c9320f2b12844a8763e4245c69fc2b9c33994e8d3938b2c2eac5814af2ad71715eabb645294a05294a05294a05294a05294a05294a052b9fc738aa616169e407225b3101988b90b7b004db5d6b8986f11b863ed8c847b3b74fff00581536babdd2ba573b0fc6a1905e375907ac643ffe9bd79938dc6bb87faa91fc4d853cd0d574e95c23cd505edfc9a227ec1ef58f8ef384184856691652ad7b6542db7eb30f2a0fef11ed7a6d6e36754869509e11e28f0f9f4eaf4ffbe5003f239abb384e6fc1c8a59675ca342cc1947cae458fd296c8925aeed2b470fc630ee332cd191eb9856dc732b6aac08f620d5da3dd294a05294a05295827c5c69f1ba2ff007980fe7419e951be27cf7c3e0f8f1086dd96edfcb4acf8d48b1f04655a431359c1469222c0822c6d66b6b7b7a8140c57e9f1b1c7ba6197aafbeb23dd621e872af51c83b1311f4aaaf1c2356e241cff00bd9924416be661239361eeae3f85ea6388c061300d1e2c2b288afe6ea4acb9482a46ac41d3b7a8154af17c7cc5c3caac8595465604586444b807d4a1b9f7358f265e9b2777a7c3f1ef39965d9d2c370a5c4a9924919fa6c17a62c0043dc11beb71db6adf878ccf85c52c33227440558e55193c96f29b5f2e5b1b1b28dfdaa3dc0f8d2c53025bcade561ea1b4fe075fbd59184c061f17869209ed745ba4c32e644be60e0923453a91717566f414e2df9754f1127e25b8de89ef297141222806ea45d4fb1171fd47d2a4b54f78678d78d4c6da889eca6d6cca751f5bdf4f4357029b8bd698b1e4efb7ed294ae9c14a52814a52814a52814a52815af8fc6c7046d2caea88a2e598d80ff5e95b158e6815ec195580370180363ebaf7a0ab78ef18e21c63361f87c462c235d5f132f904836201b5f2feea824f7b024574f953c24c1616d24e3f1536f7907e8c1fdd8f507e6d7fa5584057ed07038972570f9f593070963f9d5046ff00e74b37f1ae262bc3e31ddb09c47198636d11e4ebc43fc126bff9aa755c4e6cc498a112840e1585c1f43717fbdbef529101e2585e290ffbe4c171041dd24fc3ca7dca93d3bfb006b2f09c560e5758ef3e0710db473031163ff86c2caffe13f4aec9e6d88a050a2363dd80b0fa8ad9bdd4d82321dd0812237b953fd2c7e75cee469ab6397c5791da5d4fe1a7f43344a5bfcf62dfc4547b15e1e40885a78da13f9461e495bea7a859147fab54c5b98f2c8d0f45d65c8cc9192324a546d1cbb0ec086008d4d8815d8e1d8c91e246913a6eca0b47983e4246ab98686dea2ba70a7b11c9c48021c7c800f85265bdbfc4ac00fa2d6b63786714897399a391100b647396de9665503eb6f9d5c98ae17049f146a0faaf94ff000dfeb5c89395c2b3344fab0018380730170012343e9b77a689554c9ce7c463f33348aa362a088c7b02be5fe35b587f1431a3fb527e7ad4af1dcb863bf4d7a648375b900936d55bd7d89fa8daa29370e4964915f0ff000100975cacdee1972b927dcdabcb9f89fc2bacf1e9f3ecf771f849cf37c7975f8bd2b67fda8e37f683fcabff002ac1378938e6fed88f969fcab4f0bcbd866721ff00111ae62a323a36c3520326c0e9f154af87724e13a664814e25c0b8eb5c91ff00d9b283ed70c3de97c6f149b9bbf68cf3f05cd87ea9aff48b45cc1c47177e9bcd201f1104e55fef392157ea4575781728be2c8ebe3a25bff648f99cfc8b597ed9857427cecd1a7e963914e8012a147eec600551eba5b4ad7c4c7d579f10c1644542b1447ca016f2aec468356363bd67f9e9beb3a7fdd4fddcfe5ee93ae11c9d82c25992005c7f692f9dafea0b68bfe1b56ff10c60edb8d88d2df5aab1398b1381c34644b20964627a6f6923541a0def62c45c0076fe3d8c17889fa18e5c66106476641261d81374b5c9898dc0d7d4d7ab1e4c739b959de2b1b5c57c40fc33224d19955988250e5751a6be8dbec7ef5e38b707c071083aa8c8aa481d51951a337be46be9637d41defa6f51fe3bc11388bac9c3f130c8175681c98a5d483601c58ea372476ae57089b11c2b10462a0916097c9323a9caea7ba9f8588f626e2e3bd65978799f5dd97e63bc793cb757b32f15e42c52951147d6537b3c63f5413a8eda036b120e801be94e07c71f0eaaf94b48a344b5f329b821876d7b6fbed5b5c5927e198856c3cce227fd242cac4abaef62366b5edee083debd6330d0e2237c5428aad71d58c69624ea0f721b520f7d7b835cfafacdf57d3e6f098f1f1e3cb3d5c77de77feeece0f3a2ff00f2bd3556b306620ef7f9ae9aa9b69e5ae8458be36f6cb34617b1fd09fb591ab4780e2e0689702ce229595ff0ef97cb77d16f616395ca92a6da35587ca786825c3472ac5919811246598e49109474373bab823e95b61c7949d6be6e5cf8fb6311bc345c52de7c7007d152323efd315d1c336354f9f16ce3d9225fff0059a97ae0e31f917ec2b20857f547d857730fad7179b7fd33f672b018a6fcd366f674507eeb61fc2ba71ce0d79c4e0d1c5997e446847b823507e5584e0881a35ffbdbff00987f506bb62dda56947248bba1fbdc7d08d7ee056cc32861a7d4771ec68325294a05294a05294a05294a0561c661965468dc5d58588acd4a0a8f98f9667c33172a64846ce82f947efaee3e62e2b9bc3b8849179a27f2feaeea6aeea8bf1de4882725e2fd04a75cc83cac7f7d363f3163ef59dc3e1a639fca3078c458a4e9c84c526eae3f2b0d995bfa1aee700c79914a3d84a9a381b1f465fdd61a8fa8ed50ae35c1a7c29b4f1f97b4abe68cfccfe53ecd6f6bd6b6031f24122c8873002c549d194eb6bf6b1d41edf53531babd5729b9d16a815a185e2f1ca6410b0731398e4b5fc8ebba9d3b7b56b706e628a7d01cafdd5b43f6eff317aece4162401aea6ddfdeb564d46c53fa0ae1731712c344164c42a338368c0456724fe54d2f7df4f99f7a9198eaa6f15f84c987c447c416ed1052806e219082035bd181bff79403b8a966fbacb65e8d94e79c598649e1c0c51aa33280e589246a6f942853b7adc9fad38573fe39da2797a411db58a3439ac37d598d881e6f7d07ad42f8571c9f106f338e8c76cc80050f6b817b77b13b5ab761c78963c4625008d40e8a126d6cd62cc3d485b7cf5ac796dc71f4f77a38719967ebedeebab96f8ee1b1cadd09c4990d9d6d62b7fd65201b1d75d8d8d6ee238042ff0014511ff0007ee2a8de09cc3161624386bc6c846676d4b93a1663dd4ed97e956170ef16b06d1a99f3c526c42ab3ab7ef2900903d8d88bf7deb8e3cbcf6cb8f6f95e6e29c731b8e5bdcdf4f677388f2c61f73136a32f95ce82d6d035c6d513e65e03825c308de49a148d99f30457b5f35f45b7af61e95dee25e26602103348ec48b8558d989edf21f522a05cff00ce6312a1228ca45fda37c6d95975361a2e506fdfe94bc18db2c9d99ce4cbdeb0e2f85e1268208f0b8dc374d4b33f5f3c0d2b68090593b0b802fa5ea57cb1c3f1492305c57570854810bba626c74b0dcf977d45be55560e35d48b0aa2f9e1570c6c06acc08b5bd1401f4aeae38e14c65d310af22ea1258082decac0100dff007b6fb577783d3a96c49cbd77645afc7b868c4c020921002d8a3442d932e96119b696d2c2da7d2a327803c649c3c6923dac63563119149b95647d3dc10d70554d79e40e5bc6e2d7adf8a970d169608d2317bfa2b3641eb72a77daadbe1bc3044a01779580b7524cb98fcf2aaafd80ace787ce597cfbfbcfe7a7f9dbd7c7e3ee187924e9f1eca438e70e781e458c0cf1375103286b8603a9115b1edfaa0eb6b76ab0f91f8b5e63e6464c5a7554a1baf5a30ab201fab9d0c72853adfa95eb9ff8500c98a0362037b1b101bed71fe5a8c606378d59a28d2f13acf094f2dd9731319526c3a81a48f3002fd617dabd5b78a63e6dd8b7e9583038b49a349633991d55d58770c0107ec6b3d5705294a057e6517bdb5f5afda50294a50294a50294a502bf09ae7f1ee350e0e2eb4cc42e60a00172ccc6c1547727fa553fcdfce134df8892369923ccb12c4cc635b0f8cdac335c8b117beb6bdb4a09af1cf143089096c3309e52d9517ccaa751762d6f840bedb91daf7a89717f16310f916011c3918755ee24cfa0d0023ca2fee4fbd5758ae2ec5aea88140f28b5ca6d7b1fa7f0ae6c9366bdf5b9b9b0ff009504f9bc55e202613bb288d6e3a0aaa11ae0efbbe9fdefca2bad84f1ae50f23490294d02202508f5666f369a1d2c7e2f6d6a98c5cd8024fa5aff00c293c17639810c7b1041fb1a0fa3b947c42c2e3e067932e1ec5818e575d5400735f4046a74df43a5b5af1c6b90a29075308c2263ae4de26f901aa7cd74f6af9b71301b5ef7bee07b7afad581e1f789d88827860c4cc0e109caccea58c6a132a8422d600817df4b9f9cb36b2e9d6c7e11e093a53a18e4d08d6e0ef628e3d6c6ddf4ed5dbe0fcd1244723fe953bb7e65ff00fafe7ee6aca10e1f111b6914b1b9f35b2bab11e5d77048b5bdad55078a9c1d708f1478691819affa1bbb1454f333dc798ad811adcef6db4e7cbaecebcdbeeb2301c423994323020d64c760d268da29143238b303dffebdefdaaa2e130e330610e789c4c7f46cad7590902c03f7b0dc328d74d2f521c6735711860690e11bc885cc8cbe4cabf135c36b6f41ad75b73a43f9a3929f0f39e90b9053a6b6bacd9db40546c0598bdfca32f6cc14c671ba910f533a465aec34123b1bb30f627bfa0152ce66e6391f0d11f2acd884673901022898eb6b92734854ebd9540005c9af5c9d1e173469fa5080132b948c31d06918bb31507d2c7bdb7a9a7772da38bc2a4926ca99bf0d7dcf4d4ba8d406cae6c6fa6e6ded5978960d62c5068f0c461d197caca5e326d7376b91976d09d6c6fa54e39bf0c23556c0ac932eb9da441e516045808c1efdf5f6ef5cbe11ccf2c202c91652e74c99816bd801a0df53a116d37ed53aa5b2b858ee4e98f49de68955c0605cb5c03b5eca74b5bf9561e28e616458489095746cb76cc64caa6fa0b5c5d6dfd4d5863178696e59623dcb02a06a77ea44c06f6dfbd7139a381c52a868fe2f284321ce82d7d03ae5b5c917cc1b61a8d6f76690bffb2cc70a4cc84676601891ae5d2c07f5d6b6b97f82cb899a35489dd0be566552557ca5ec4ec0d94e95b3c2516299bf100b08dca14641e619c03a35ec7b816d05f5afa1f97307045028c3c6b1a35db2a8b0b9dcff000b7d2b9c33995b27b3be4e2bc731b7dfab3f07c0882148c0d86bf3efff002fa56ed295a316b711c1acd13c4ff0b820fb7b8f7075fa555b85261778df78c9471b5c5ed7f6f63ee2ac1e6ce658b87c1d79731170a1575249dbe42f604eb6b8af9f8f199b158bc448afd1fc412cca002400a010a6c35b5cded7f2fad4faac599c4f9c9b84e170aab0091240e41cf6cb67cd940b1b8cafa5b6b6db541715e2663e58f219d81241ea46aa8c08727b0d8ae86f7bdbef32e6de18b8ae1f1c5986744bc4deaf1aea2e760cbebdaa2dc1bc29c5c9189259238417c994ddd81cfd3370ba6fe8c6fed59e1cb32cb2c75d9de585925f973873f637a826ebc99d5728172508cf9b58fe126da66373fc2ba3c3fc4cc6c6ac9d60c5c92ad22f51a32587945ade5b7adcea6d6aeeff00b1739f2fe33f2dc1e91d4dec45ba9f2fbd73788f8613a468f1a89336dd27f31d09be490016b6bf1fd2b4669bf01f13e199d1268fa19ae0bb3ae557bd829ee035ae0fcfe666f82c6c7320789d644370190861a1b1171e874af95b131c98791e36564753621d6cc2da8254edebfd6a63ca3cef361d801248d182acd104460db06097d4335cb696d7d6a8bfe95a3c1b8b458a8fab11256e575565208dc58815bd40a52940afc6361735fb509f1578bc31e11a07959249402aa848242ba6624d8d975d7627614109e6ee769598b0292c493c8aa10d952c0056606ccce3e2d465d4dbb1aac71dc46494de47673adae7d6b2f13c6663954054049017637eff003aeaf87dcb3f8fc5057490c11d9a729b8537cabbdfcc45bcb73606deb41ef93f91b11c433bad92340096607cfbe91afe6f848cda0b8f98ab5f977c35c0c0409a2188ea0215e53981cb720851600b21cdb5c146d76a95244b0223c0418a2010a13f020b0b66ed937b36c336a2a0dc4f9c3138977c1f0c8b3f46ecd392a32006e02dcdb437516cd980f4a96e964da43172ae0b2c97c1618b205816f0c6466dc3db2fe6ceac48f4f6ae7710f0d20959e35768d729202f9d5459152eb26617bac8c4ae52491ae9514e0fc338962cb48fc425c29f8bccae031c86cda3afe5cf7d3ca147aad7e47c45e3f2e3a598c7210bf8b87118a08aa0924bc6486b6a2dadbccdadad74bb5b8d885f3272d62300ca2600a3ae6475d41076b8dd5bbe53ef626c6d1fc54232922fec3b7cebe8e9b90b0f888cab9c484603317c4cceed972d8956728a4651b86ff0daa86e60e19f84c4cb872d9954931b916ce849cadf5f5dae0db4b5572957837cf3f849170320530caf7560157a6cd7bbbb122e2c00d7603dac7abc1f8cc78be25c4f1b24b6e9208f0d626f90395396db660bbffe2b6f556e0f072c8e9d043232b0601119c83707cda116b8efa54c380f27f118e3651922ce41f3b8b8b69b2e6fb1a0ed711c6c18597f1587747c3bbabcf866fc9229d2645bf958ecca342091a8232f578bf89f856c2cb0e162997aaae33f96cac4006cae4f94fa5bb936be951d1e179639e49d6f6d7221373ea4b1dfded5879ab951608c490801116cc2e6fae808bdc9b93adcd45470620bc849362c8aabed6b0cbec34234a9df871c0c999e5790f4b6e9dfe123526dea36b8fd6bee05576f99b2d981216e0ded6b76f9e9b54bb913981a260b205cae4ae6ee4d81b37afb7cfecfaafd165e2311a155b04db281dbfea2b85c7702b2adc81751716001206ebb5b6db4feb5baf8953b1f4ff5f6ae6714e2216336d4e53603bd12e3b68e130ea30d9ed6eaa91a6e3d989b0b1faea37d2b8f0e3061d88619925625c0b90336e00b5b43dfe7ed5d21195558c9cec401a5828000b5bbfb76db6a867fdb1695ae892451b82a466008506cb7db2dfcc465b9b6f622b9cf7ae8ef0d6faf64d31bc1259d5265b5d248c313bba6aaacdeacb7b1f500771adc7cb9ff00768c8d88247d589a8c700e5591f071755b24aeb9a45036ce4b05b5f42010a7dc54d70d0844545d94003e82d538f1b275eebcb94b753b7b32560c6e2d218de590e54452ccd626c145c9b0d6b3d40bc61e2ef0e116242075db231f3821458dd4ae9bd8104ea18ef5a3254bcf3c7db1d8a796ec515ed0a9b10ab600953941b3150d6d6d7dfbd7e722f2c4d8ec4aac6dd358c8679ad7cb63b0f563d94f6b93a0d786aa5d801a936517d3dbe9e9f5afa3795f81c782c2a61f423e2332f773b93e96d81dac003e8438383c23c5d5c2685e3f3437d8dae547dbcbf222a43c1e563010c2c44b1102f7f2978fbfa82083ee2fdeb83ccb33fe27f10a172e1ad1c8403fa5cc6e48f64056fe85c8ed73e38bf1b9e296cae9d2902491b328f285605c5c6f96c1f5be99abcf9e3ae499cfb5fe1e9e1c32e59709dfbc4f27367463b5997ee037ff0089ad2c139c896b16c8110761603339f6be9ef947ad70799b8be2208a3ced16673646405c9254a9396eb7166bdc0b6d5dde138c8c28cde47cbaa9b8ca147c209ec076dfb91ad6ef3e9a1cd3cad87c5c4217406463759ac33a6c59ef6fa65dae54580da81e66e032e0310f039b81f0badc2b8f51fc88ec6be8e189cccd6be63bdb5641d900ecdadc93a0277d0547fc43e5b38bc13001233082f103ab1206aa5af61985c1f8ae6c6fa554575e1e736b61e745795d6062ab22b00ebf0b2861b14b1ca4b5ce97d2af98e40c032904100820dc1075041ee2be4cc24b94839881bfcfe63bd7d15e19f176c4e050ba80633d3bae401828163917e0d0db2903e1b8d08a095d294a0551fe38710cd8c8a1ca32c71dcb3200496b9d1f722d6d36bd5e1541f8df8a95b1eb1baa88d23fd110c0970c14b33006ebe6f28b817c9717d682b698deaf8f06387ac580126631cb3bb35d8795c292a805f43a0bf9483a9bd50cfbfd7fa1afa27c3048e4e1786023697c855b3925032b10400e6d6045bca0dad419bc42c73744409917113b8895c36ca4166d40cd6b0d548efa5ea29062e2c164c2852d914349279540cc4dd8dcdd989b682fa1f6b54db8ff00090ab1390a891c9758d6e555981504136b0ed6000b915c0e23848de5019739c9700916b83a12bb9b6b6b8def6ec6b9bddd4bd1ccff00e2276662a99a3046994e63d8aa8d2e7bdc9161f315a9c4f033e372af45ba63505af17af94f722fe83bef5eb8e4d246d1885ca44a4028a5616d41b58d8022e2e41f5d2ba93f1a0b0195a42ca8a4b329bdf2e86db5cdc5be741830bc2312b10825c5058146558901365d802ce75d3d8fd6b1c1cad818ce631091bf5a426427dc83a13ef6a8c637c4540488b0eefe8598203efa026bc6339a712706b8902188b4851501123b01725f29f8145ad7617248b0b6b4161c73a28caa0851b05000fb56c60c7518ac6a5986a469a03dceba0aa2f13cc38b71e6c43ebbd8e4fe0b6a9f782bc130f8afc5759a4670533c6aee88eac1ac642a6ef73986526da6dad544de5c4a06e907ea49b1870e3aac36f8d87923df7635fb3f2c62278db3a471a953fa236964937215ddbf4680e97caa4efe6ef534c1e0e3894244888a365450a3ec2b3d1143623c3e4808498333e52d963917bb1b1371a765b7f135a710c2c2c20684383660d258c91b2d85d48b0b5b292bef7abf71983495191d4156163ffbd575c67c2e91c9e962630b7242490ded7fdf57fe959e5e797a4dcfbb7e3fc3b2f9aeafd91a91400a7385503716b1f425b4d7e95a788e318586e4cc24b103c8c1c9bdec32800f6bff003aea0f07b185727e230e89faa82520fcd4e95970fe07bdfcd8d41ecb01fe7d5fe95dcdb3be597a5da1dc6f9a99d5a28a364636b484a90011a9d0fc56d86bbf6b577bc30e4b6c5c91cf22e5c2c2d7507fb7706e7e62e0663b681477b4bf84f839848dc34d2c9301ae4d114dbf5ade623daf5634312a285550aaa000a000001b0006c2aebe52e5f1d9ee94a55725521e33e255b1aaaba98e101ef9ac8492cac01f2ecdbaeba907602aefaa33c6857fc782ca029854258939c6637bdc5810d7d076b1ef41c7f0bb03d5e250f97304cd21074f854d8fd18a9abdb1eca8924870e7caacc48c809b0277cc0d52be104aab8ff33e4bc4e035c0d7ca7b8b6ca4fd2ae8e2137e8a409888cb152144a5321245806ca01b13bda82ae9f8e8e8fe163625199cbb5d59d49662de5f886b7badef6040b695d3e5965c760d50b812e1e42b9ac48b8dae3f5594d8fb8f6a8f71a85fa91a874550d918aa9cb7d173117277ee6c4e9ebaec72de2461de544e981704caaf9bae739175cda122cd717bd9af6b02067fab72b6c6de3b33c6f56d714e06d856bb64b90046e8079551b30f3652c5ee14eaa46834234aef47c524c6b468645565233b468c82416cca5242766b06b6857e137bdeb9fc538abc922166411c7ba0b31cc4db5d0f6fe759f83f0563066b468edf0b10ccf61235d2c08b05dac181b9b1dc54c6faac5e4eb265ef53fc16190c6a433e522e003937d7f25aff003afd1d106e881dbd55431f9173a03f335cdc2e1e5445133a9365ff0078b74d06d752154fb94def6bd744b38f88c8bee81197e83296fb8ad583e6ce6bc1f471b888c2e50b2bd974f282d99469e808ab1fc0bc50cd898cb10c42be4ba853a90580f889d40276f87d7581f3f386e238965258750ea7bd8053fc454d3c0a8cf5a76cbe5e9819ec9753986972738bef60329ca6fa8141725294a0553de3bf047fd1e3b326450b115ca03924bb5f35ae576197b6a7b9ab86a33e20f2e7e3b08d18be74bbc633e452c15800e6c6ebadfe835141f304a2ae0f03f8f0314983795d4a3178915436657d5ade52da35c9dbe315524cbad810d6246653706ddc1f4ac9c2f88cb86956785ca3adecc3dc58a9f623fd5c0a0fa6f16bd4560a8d941b1691f3166bd82c62ec2f9ad73e5b6dbdf2f278bf0ac81b3aa9394e56be505ac42f9adebdab3726f3861b1e99d488fa0a3342c45d095d587aa0be50ddfcd5d6e27770030d5caa8537f22332ab31b7e760728f4be9b35e696540f88f2f61accc14457d435ee50b5b666bfcb7d77d340225ccb3ccd86fc2612279a289238da44532585ec146416bdc6a7d49ef7abaa2e178731f9e089ba79d46645360a5946e3f56d58b0385e99b0390797291f90b2aee3628cd9811eba8d4dc4d2f9949f2ff0085d8ac43299e33868be2218de665b8be44ec7d73588b8363a03efc54c741d58b03861088605bb7490279db42ada9bb2aa8bf7bb10751a58be22f3ea60e36857fef82c52d6654bfe727d2d7190ebafa10d5403cacecd23b166625998eeccc4924fb93ad74e43a915f43f8338674e1cb9e13112ec413706453621c820586e06f7001beb546f2cf2f4d8f9ba1005cc416bb921540eec4026db0db722bea5c061fa71471937c88ab7000be5005ec341f2a0d8a52940a52940a52940a52940a52940aa87c74c0aabe1b119ce76cd108c9240b79b3a8d81d6cdaebe5d34356f570f9d784362f053411843232f933e8030208371b6dfe850501ca3c53f0b8b867be88d624ded660549ff2b1fb57d1a08b8d7a8f6b8f417efe8a3df5247ad7cc3340d148d1bae564395c7a303fd0d5b9e15735878c605b2acab7c8e7f38ded6fcce06dfba3db509c63b85c4cdd47b9988214aee3fbabb122ff00136d73a806a2fc5701294103e5915886450a6ea216256e54120661a68d7cc46b6b897c8d6bac7ab9214c875b1fea46a728d058fc8e4c2c0aae428d1140bfa96d4dcf73654fa54d2ed09c1c7121311865676ba5e6b921a43f180c495001b0b01db6d6ba5c3f803e1a40ebd83322839b5d015b103cb6d829bdf539ad5da9620c509da526febe505d08f71607e76adccc592f6f3a1d40f55dc0f622f6f6614d1b7e458bba862b753f99416f6b15f881f6b1b77ad4e238c4c3c126211c648d492bba9236503f2926c34ee76359cc603e6439449a823626d7b11dc11af637075d6aa3f1539b84ec30b085f29b49229be723b06ee8baefdffba09a8af319399647918dd9d8927d493727ea4deae6f0478598f0d2e20ff6cc00195768ee2f98124824db29b58a9d35aa7787e09a795218d733368ab7552d6d6c0b102e75debe9ce07c3130d02428000aa012155731b6ac428b5c9d4d06fd294a05294a0a77c68e526263c5c11288d2361364b0b598653900d6f988b8f4d6dbd540e84120820ec41d0fc88afb00d555e2278631bc2d3e0509c47519dd4b9633751aec0177b022f987aea3b8a0a5b07214911d5990ab060cbf12106f75d46bf5ab0f03e236323525a5c3e281746264bc32da32a42db45b69d81d4b1d6f504e2bc2a7c29b622278f57552c080c6320365bee351aed622b4c496a0b466f1a1caca170683a9b1331210940a74118cc34bee373f3ae1f1cf12f1d8aceaa56147408cb18d4a8cda176b907cc755ca76a8616b7f3af265163afcbde83d3c659ae4dc9373dc927b927527debdc50b3e88acc75b2a82c74173a0d7402f5d0e1dcb78b9da311c125a43657656541b1cc588d14020e6dbd2e74abdf90f9261e1ad2482732bc8157cc14640352011a9bb5f5d340ba5c5c86af855c951e1618f1722b0c5491f9b35c6456370a10fc2d6b5fbef560d62ebafeb0fbd7ef5d7d45064a563eb2fa8a7597d45064a563eb2fa8a7597d45064a563eb2fa8a7597d45064a563eb2fa8a7597d45064a563eb2fa8a7597d45064a563eb2fa8afdeb2fa8a0aa3c51e43b9188c1c0ccceeed880aded9b380cda6c4597d4697aaba09ec77232b795fd083b123f9f6afa9facbea2ab1e74f0ca29723604c713f509915ddf2b0624961f15882761616f9506af2b789794c71e31490a0859145c926c0161df4b8b8d75d89d6a6dc3b99b0f3e758a5425f5be65520bb14519090d70aa09d3b7bd7cf98dc34d8679164464313806c09504ea087db6d41bf6d2b6071e918657cb25c6eeaaedf47f8bf8d07d218b233696fd1a5c0f9b0207fe4b7d6b99c6399f0d87bc9d6439d76539cdc0ba9b2ec08d093e8b5f3b0c5b6f9cfd8578967bdf3163617f336df4a09f737788ef8846c3e1c648c9b96bf9ad7b8048d0007b0ec06bd8d7e35206e58dafea7d07b56ff03e0b89c6b65c3c45ec5736caa99f3652de80e56d76d3e55737237877160f2cd2b192623506d950b04256d7b3656170d61da8307859c9870a8313366133a9010865c8ad94d9d4fe6041b1f427d74b12bf2f5fb40a52940ac32444ecd6acd4a0e2e2f844afb621d7e40570f1bc9f8a7db1f28fe1fcaa6d4a0ab31fe1ae2e42ac71eeccb7ca586ab716363b8d2b81278272dc9fc40d7f77feb579528287ff0062b8817fd3afa6c6bf63f06b1034eaa9fa55ef4a0a7b0de18e297fe20fdcd7462f0ef103fe20fdcd5a14a0ae63e429c7fc437dcd675e49987f6edf7353fa50411793a6fdbb7dcd7b1ca337ed9bee6a714a0848e539bf6edf735e872acffb76fb9a9a52821cbcaf37eddbef5ec72c4bfb66fbd4ba941131cb52fed9abd8e5c93f6ad529a50458f2e49fb56af0dcb127ed9bef52ca50439f95253fdb37deb5e4e4d94ff6ee3eb539a505792f21cc7fe2a51f5ffa56a4be1e624ed8c9bfcd5675282a1c5f85f8a90656c648ca7b36a3ec6b9ffec665ff00ea08f92ad5dd4a0a593c166d8e25ade9947cbd6b6f0be0eb23ac8314d9d4860d91742bb1dff9d5bd4a083f0fe4fc544a1571ac146ca228c01f402bb386e0f885df14cdfe05aefd283461c24837909fa0adb4523bd7ba50294a50294a50294a50294a50294a50294a50294a50294a50294a50294a50294a50294a50294a50294a50294a50294a50294a50294a50294a507fffd9, 'LA nueva KTM despierta curiosidad...', 'ASi, es .... bla bla', 23, 1);

-- --------------------------------------------------------

--
-- Estructura de tabla para la tabla `categoria`
--

CREATE TABLE `categoria` (
  `idCategoria` int(11) NOT NULL,
  `nombre` varchar(25) DEFAULT NULL,
  `imagen` longblob
) ENGINE=InnoDB DEFAULT CHARSET=latin1;

--
-- Volcado de datos para la tabla `categoria`
--

INSERT INTO `categoria` (`idCategoria`, `nombre`, `imagen`) VALUES
(1, 'Deportes', 0xffd8ffe000104a46494600010100000100010000ffdb0084000906071312121512131315161517181a1a1815171918181d1620181a1a1a21191a1a1e1d2a221e1e25211e1f213121272a2b2e2e2e1a203338332d37282d2e2b010a0a0a0e0d0e1a10101b2f251d2530352d2d2d2d2b2d2d2d372d2f2d2d2d322d2d2f2d302d302d372d2d2d2d2d2d2d2d2d2d2d2d2d2d2b2d2d2d2d2d2d2d2d2dffc000110800b7011303012200021101031101ffc4001c0001000203010101000000000000000000000607030405020801ffc400481000020102040404040207050506070000010203001104122131050613410722516132718191144223525362a1b1c143728292f0173344d1e1153463a2b2f116245483c2c3d2ffc400190101010101010100000000000000000000000103020405ffc4002b1101010002010205020505000000000000000102110321310412224151617113143291c14281a1b1e1ffda000c03010002110311003f00bc694a50294a50294a50294a50294a50294a50294a50294a50294a50294a5029587198a4891e490e54452ccde8145c9fb54270fe20c72e296088480bca117aa8111be12c2e7cc1825d8036be961413ca572f1dc7e089437511aed9405606e6c4db4bdb404fd2b1f06e2ad2bb2b0007c4b6f4f43ea683b14a52814a52814a52814a52814a52814a52814a52814a52814a52814a52814a52814a52814a52814a52814a52814a5282aaf15b817119655784bcd8760cbd14de22caab9996fe71b9bee2e46c75a9a2926c2e2c75cb2cb87915ca921ce752b627cd636d3bf6b57d4bc471d1c11b4b21b2adbb12492400aa06acc490028d49200deaa7e2d85827c3e364934638b950a5d55cdacca2f7d08f369aefed52f45937d112838919278a231c8f32b060d05c580b95283bdd4ea763ded566f86b81e2219e4c6cc8e840e9a85405479af7288a2ff0f73f09f5aa778c42cd91142f5b0c17232a8019090543311e7b7626dbdb6d2ae3f0eb986668162c60c9320f2b12844a8763e4245c69fc2b9c33994e8d3938b2c2eac5814af2ad71715eabb645294a05294a05294a05294a05294a05294a052b9fc738aa616169e407225b3101988b90b7b004db5d6b8986f11b863ed8c847b3b74fff00581536babdd2ba573b0fc6a1905e375907ac643ffe9bd79938dc6bb87faa91fc4d853cd0d574e95c23cd505edfc9a227ec1ef58f8ef384184856691652ad7b6542db7eb30f2a0fef11ed7a6d6e36754869509e11e28f0f9f4eaf4ffbe5003f239abb384e6fc1c8a59675ca342cc1947cae458fd296c8925aeed2b470fc630ee332cd191eb9856dc732b6aac08f620d5da3dd294a05294a05295827c5c69f1ba2ff007980fe7419e951be27cf7c3e0f8f1086dd96edfcb4acf8d48b1f04655a431359c1469222c0822c6d66b6b7b7a8140c57e9f1b1c7ba6197aafbeb23dd621e872af51c83b1311f4aaaf1c2356e241cff00bd9924416be661239361eeae3f85ea6388c061300d1e2c2b288afe6ea4acb9482a46ac41d3b7a8154af17c7cc5c3caac8595465604586444b807d4a1b9f7358f265e9b2777a7c3f1ef39965d9d2c370a5c4a9924919fa6c17a62c0043dc11beb71db6adf878ccf85c52c33227440558e55193c96f29b5f2e5b1b1b28dfdaa3dc0f8d2c53025bcade561ea1b4fe075fbd59184c061f17869209ed745ba4c32e644be60e0923453a91717566f414e2df9754f1127e25b8de89ef297141222806ea45d4fb1171fd47d2a4b54f78678d78d4c6da889eca6d6cca751f5bdf4f4357029b8bd698b1e4efb7ed294ae9c14a52814a52814a52814a52815af8fc6c7046d2caea88a2e598d80ff5e95b158e6815ec195580370180363ebaf7a0ab78ef18e21c63361f87c462c235d5f132f904836201b5f2feea824f7b024574f953c24c1616d24e3f1536f7907e8c1fdd8f507e6d7fa5584057ed07038972570f9f593070963f9d5046ff00e74b37f1ae262bc3e31ddb09c47198636d11e4ebc43fc126bff9aa755c4e6cc498a112840e1585c1f43717fbdbef529101e2585e290ffbe4c171041dd24fc3ca7dca93d3bfb006b2f09c560e5758ef3e0710db473031163ff86c2caffe13f4aec9e6d88a050a2363dd80b0fa8ad9bdd4d82321dd0812237b953fd2c7e75cee469ab6397c5791da5d4fe1a7f43344a5bfcf62dfc4547b15e1e40885a78da13f9461e495bea7a859147fab54c5b98f2c8d0f45d65c8cc9192324a546d1cbb0ec086008d4d8815d8e1d8c91e246913a6eca0b47983e4246ab98686dea2ba70a7b11c9c48021c7c800f85265bdbfc4ac00fa2d6b63786714897399a391100b647396de9665503eb6f9d5c98ae17049f146a0faaf94ff000dfeb5c89395c2b3344fab0018380730170012343e9b77a689554c9ce7c463f33348aa362a088c7b02be5fe35b587f1431a3fb527e7ad4af1dcb863bf4d7a648375b900936d55bd7d89fa8daa29370e4964915f0ff000100975cacdee1972b927dcdabcb9f89fc2bacf1e9f3ecf771f849cf37c7975f8bd2b67fda8e37f683fcabff002ac1378938e6fed88f969fcab4f0bcbd866721ff00111ae62a323a36c3520326c0e9f154af87724e13a664814e25c0b8eb5c91ff00d9b283ed70c3de97c6f149b9bbf68cf3f05cd87ea9aff48b45cc1c47177e9bcd201f1104e55fef392157ea4575781728be2c8ebe3a25bff648f99cfc8b597ed9857427cecd1a7e963914e8012a147eec600551eba5b4ad7c4c7d579f10c1644542b1447ca016f2aec468356363bd67f9e9beb3a7fdd4fddcfe5ee93ae11c9d82c25992005c7f692f9dafea0b68bfe1b56ff10c60edb8d88d2df5aab1398b1381c34644b20964627a6f6923541a0def62c45c0076fe3d8c17889fa18e5c66106476641261d81374b5c9898dc0d7d4d7ab1e4c739b959de2b1b5c57c40fc33224d19955988250e5751a6be8dbec7ef5e38b707c071083aa8c8aa481d51951a337be46be9637d41defa6f51fe3bc11388bac9c3f130c8175681c98a5d483601c58ea372476ae57089b11c2b10462a0916097c9323a9caea7ba9f8588f626e2e3bd65978799f5dd97e63bc793cb757b32f15e42c52951147d6537b3c63f5413a8eda036b120e801be94e07c71f0eaaf94b48a344b5f329b821876d7b6fbed5b5c5927e198856c3cce227fd242cac4abaef62366b5edee083debd6330d0e2237c5428aad71d58c69624ea0f721b520f7d7b835cfafacdf57d3e6f098f1f1e3cb3d5c77de77feeece0f3a2ff00f2bd3556b306620ef7f9ae9aa9b69e5ae8458be36f6cb34617b1fd09fb591ab4780e2e0689702ce229595ff0ef97cb77d16f616395ca92a6da35587ca786825c3472ac5919811246598e49109474373bab823e95b61c7949d6be6e5cf8fb6311bc345c52de7c7007d152323efd315d1c336354f9f16ce3d9225fff0059a97ae0e31f917ec2b20857f547d857730fad7179b7fd33f672b018a6fcd366f674507eeb61fc2ba71ce0d79c4e0d1c5997e446847b823507e5584e0881a35ffbdbff00987f506bb62dda56947248bba1fbdc7d08d7ee056cc32861a7d4771ec68325294a05294a05294a05294a0561c661965468dc5d58588acd4a0a8f98f9667c33172a64846ce82f947efaee3e62e2b9bc3b8849179a27f2feaeea6aeea8bf1de4882725e2fd04a75cc83cac7f7d363f3163ef59dc3e1a639fca3078c458a4e9c84c526eae3f2b0d995bfa1aee700c79914a3d84a9a381b1f465fdd61a8fa8ed50ae35c1a7c29b4f1f97b4abe68cfccfe53ecd6f6bd6b6031f24122c8873002c549d194eb6bf6b1d41edf53531babd5729b9d16a815a185e2f1ca6410b0731398e4b5fc8ebba9d3b7b56b706e628a7d01cafdd5b43f6eff317aece4162401aea6ddfdeb564d46c53fa0ae1731712c344164c42a338368c0456724fe54d2f7df4f99f7a9198eaa6f15f84c987c447c416ed1052806e219082035bd181bff79403b8a966fbacb65e8d94e79c598649e1c0c51aa33280e589246a6f942853b7adc9fad38573fe39da2797a411db58a3439ac37d598d881e6f7d07ad42f8571c9f106f338e8c76cc80050f6b817b77b13b5ab761c78963c4625008d40e8a126d6cd62cc3d485b7cf5ac796dc71f4f77a38719967ebedeebab96f8ee1b1cadd09c4990d9d6d62b7fd65201b1d75d8d8d6ee238042ff0014511ff0007ee2a8de09cc3161624386bc6c846676d4b93a1663dd4ed97e956170ef16b06d1a99f3c526c42ab3ab7ef2900903d8d88bf7deb8e3cbcf6cb8f6f95e6e29c731b8e5bdcdf4f677388f2c61f73136a32f95ce82d6d035c6d513e65e03825c308de49a148d99f30457b5f35f45b7af61e95dee25e26602103348ec48b8558d989edf21f522a05cff00ce6312a1228ca45fda37c6d95975361a2e506fdfe94bc18db2c9d99ce4cbdeb0e2f85e1268208f0b8dc374d4b33f5f3c0d2b68090593b0b802fa5ea57cb1c3f1492305c57570854810bba626c74b0dcf977d45be55560e35d48b0aa2f9e1570c6c06acc08b5bd1401f4aeae38e14c65d310af22ea1258082decac0100dff007b6fb577783d3a96c49cbd77645afc7b868c4c020921002d8a3442d932e96119b696d2c2da7d2a327803c649c3c6923dac63563119149b95647d3dc10d70554d79e40e5bc6e2d7adf8a970d169608d2317bfa2b3641eb72a77daadbe1bc3044a01779580b7524cb98fcf2aaafd80ace787ce597cfbfbcfe7a7f9dbd7c7e3ee187924e9f1eca438e70e781e458c0cf1375103286b8603a9115b1edfaa0eb6b76ab0f91f8b5e63e6464c5a7554a1baf5a30ab201fab9d0c72853adfa95eb9ff8500c98a0362037b1b101bed71fe5a8c606378d59a28d2f13acf094f2dd9731319526c3a81a48f3002fd617dabd5b78a63e6dd8b7e9583038b49a349633991d55d58770c0107ec6b3d5705294a057e6517bdb5f5afda50294a50294a50294a502bf09ae7f1ee350e0e2eb4cc42e60a00172ccc6c1547727fa553fcdfce134df8892369923ccb12c4cc635b0f8cdac335c8b117beb6bdb4a09af1cf143089096c3309e52d9517ccaa751762d6f840bedb91daf7a89717f16310f916011c3918755ee24cfa0d0023ca2fee4fbd5758ae2ec5aea88140f28b5ca6d7b1fa7f0ae6c9366bdf5b9b9b0ff009504f9bc55e202613bb288d6e3a0aaa11ae0efbbe9fdefca2bad84f1ae50f23490294d02202508f5666f369a1d2c7e2f6d6a98c5cd8024fa5aff00c293c17639810c7b1041fb1a0fa3b947c42c2e3e067932e1ec5818e575d5400735f4046a74df43a5b5af1c6b90a29075308c2263ae4de26f901aa7cd74f6af9b71301b5ef7bee07b7afad581e1f789d88827860c4cc0e109caccea58c6a132a8422d600817df4b9f9cb36b2e9d6c7e11e093a53a18e4d08d6e0ef628e3d6c6ddf4ed5dbe0fcd1244723fe953bb7e65ff00fafe7ee6aca10e1f111b6914b1b9f35b2bab11e5d77048b5bdad55078a9c1d708f1478691819affa1bbb1454f333dc798ad811adcef6db4e7cbaecebcdbeeb2301c423994323020d64c760d268da29143238b303dffebdefdaaa2e130e330610e789c4c7f46cad7590902c03f7b0dc328d74d2f521c6735711860690e11bc885cc8cbe4cabf135c36b6f41ad75b73a43f9a3929f0f39e90b9053a6b6bacd9db40546c0598bdfca32f6cc14c671ba910f533a465aec34123b1bb30f627bfa0152ce66e6391f0d11f2acd884673901022898eb6b92734854ebd9540005c9af5c9d1e173469fa5080132b948c31d06918bb31507d2c7bdb7a9a7772da38bc2a4926ca99bf0d7dcf4d4ba8d406cae6c6fa6e6ded5978960d62c5068f0c461d197caca5e326d7376b91976d09d6c6fa54e39bf0c23556c0ac932eb9da441e516045808c1efdf5f6ef5cbe11ccf2c202c91652e74c99816bd801a0df53a116d37ed53aa5b2b858ee4e98f49de68955c0605cb5c03b5eca74b5bf9561e28e616458489095746cb76cc64caa6fa0b5c5d6dfd4d5863178696e59623dcb02a06a77ea44c06f6dfbd7139a381c52a868fe2f284321ce82d7d03ae5b5c917cc1b61a8d6f76690bffb2cc70a4cc84676601891ae5d2c07f5d6b6b97f82cb899a35489dd0be566552557ca5ec4ec0d94e95b3c2516299bf100b08dca14641e619c03a35ec7b816d05f5afa1f97307045028c3c6b1a35db2a8b0b9dcff000b7d2b9c33995b27b3be4e2bc731b7dfab3f07c0882148c0d86bf3efff002fa56ed295a316b711c1acd13c4ff0b820fb7b8f7075fa555b85261778df78c9471b5c5ed7f6f63ee2ac1e6ce658b87c1d79731170a1575249dbe42f604eb6b8af9f8f199b158bc448afd1fc412cca002400a010a6c35b5cded7f2fad4faac599c4f9c9b84e170aab0091240e41cf6cb67cd940b1b8cafa5b6b6db541715e2663e58f219d81241ea46aa8c08727b0d8ae86f7bdbef32e6de18b8ae1f1c5986744bc4deaf1aea2e760cbebdaa2dc1bc29c5c9189259238417c994ddd81cfd3370ba6fe8c6fed59e1cb32cb2c75d9de585925f973873f637a826ebc99d5728172508cf9b58fe126da66373fc2ba3c3fc4cc6c6ac9d60c5c92ad22f51a32587945ade5b7adcea6d6aeeff00b1739f2fe33f2dc1e91d4dec45ba9f2fbd73788f8613a468f1a89336dd27f31d09be490016b6bf1fd2b4669bf01f13e199d1268fa19ae0bb3ae557bd829ee035ae0fcfe666f82c6c7320789d644370190861a1b1171e874af95b131c98791e36564753621d6cc2da8254edebfd6a63ca3cef361d801248d182acd104460db06097d4335cb696d7d6a8bfe95a3c1b8b458a8fab11256e575565208dc58815bd40a52940afc6361735fb509f1578bc31e11a07959249402aa848242ba6624d8d975d7627614109e6ee769598b0292c493c8aa10d952c0056606ccce3e2d465d4dbb1aac71dc46494de47673adae7d6b2f13c6663954054049017637eff003aeaf87dcb3f8fc5057490c11d9a729b8537cabbdfcc45bcb73606deb41ef93f91b11c433bad92340096607cfbe91afe6f848cda0b8f98ab5f977c35c0c0409a2188ea0215e53981cb720851600b21cdb5c146d76a95244b0223c0418a2010a13f020b0b66ed937b36c336a2a0dc4f9c3138977c1f0c8b3f46ecd392a32006e02dcdb437516cd980f4a96e964da43172ae0b2c97c1618b205816f0c6466dc3db2fe6ceac48f4f6ae7710f0d20959e35768d729202f9d5459152eb26617bac8c4ae52491ae9514e0fc338962cb48fc425c29f8bccae031c86cda3afe5cf7d3ca147aad7e47c45e3f2e3a598c7210bf8b87118a08aa0924bc6486b6a2dadbccdadad74bb5b8d885f3272d62300ca2600a3ae6475d41076b8dd5bbe53ef626c6d1fc54232922fec3b7cebe8e9b90b0f888cab9c484603317c4cceed972d8956728a4651b86ff0daa86e60e19f84c4cb872d9954931b916ce849cadf5f5dae0db4b5572957837cf3f849170320530caf7560157a6cd7bbbb122e2c00d7603dac7abc1f8cc78be25c4f1b24b6e9208f0d626f90395396db660bbffe2b6f556e0f072c8e9d043232b0601119c83707cda116b8efa54c380f27f118e3651922ce41f3b8b8b69b2e6fb1a0ed711c6c18597f1587747c3bbabcf866fc9229d2645bf958ecca342091a8232f578bf89f856c2cb0e162997aaae33f96cac4006cae4f94fa5bb936be951d1e179639e49d6f6d7221373ea4b1dfded5879ab951608c490801116cc2e6fae808bdc9b93adcd45470620bc849362c8aabed6b0cbec34234a9df871c0c999e5790f4b6e9dfe123526dea36b8fd6bee05576f99b2d981216e0ded6b76f9e9b54bb913981a260b205cae4ae6ee4d81b37afb7cfecfaafd165e2311a155b04db281dbfea2b85c7702b2adc81751716001206ebb5b6db4feb5baf8953b1f4ff5f6ae6714e2216336d4e53603bd12e3b68e130ea30d9ed6eaa91a6e3d989b0b1faea37d2b8f0e3061d88619925625c0b90336e00b5b43dfe7ed5d21195558c9cec401a5828000b5bbfb76db6a867fdb1695ae892451b82a466008506cb7db2dfcc465b9b6f622b9cf7ae8ef0d6faf64d31bc1259d5265b5d248c313bba6aaacdeacb7b1f500771adc7cb9ff00768c8d88247d589a8c700e5591f071755b24aeb9a45036ce4b05b5f42010a7dc54d70d0844545d94003e82d538f1b275eebcb94b753b7b32560c6e2d218de590e54452ccd626c145c9b0d6b3d40bc61e2ef0e116242075db231f3821458dd4ae9bd8104ea18ef5a3254bcf3c7db1d8a796ec515ed0a9b10ab600953941b3150d6d6d7dfbd7e722f2c4d8ec4aac6dd358c8679ad7cb63b0f563d94f6b93a0d786aa5d801a936517d3dbe9e9f5afa3795f81c782c2a61f423e2332f773b93e96d81dac003e8438383c23c5d5c2685e3f3437d8dae547dbcbf222a43c1e563010c2c44b1102f7f2978fbfa82083ee2fdeb83ccb33fe27f10a172e1ad1c8403fa5cc6e48f64056fe85c8ed73e38bf1b9e296cae9d2902491b328f285605c5c6f96c1f5be99abcf9e3ae499cfb5fe1e9e1c32e59709dfbc4f27367463b5997ee037ff0089ad2c139c896b16c8110761603339f6be9ef947ad70799b8be2208a3ced16673646405c9254a9396eb7166bdc0b6d5dde138c8c28cde47cbaa9b8ca147c209ec076dfb91ad6ef3e9a1cd3cad87c5c4217406463759ac33a6c59ef6fa65dae54580da81e66e032e0310f039b81f0badc2b8f51fc88ec6be8e189cccd6be63bdb5641d900ecdadc93a0277d0547fc43e5b38bc13001233082f103ab1206aa5af61985c1f8ae6c6fa554575e1e736b61e745795d6062ab22b00ebf0b2861b14b1ca4b5ce97d2af98e40c032904100820dc1075041ee2be4cc24b94839881bfcfe63bd7d15e19f176c4e050ba80633d3bae401828163917e0d0db2903e1b8d08a095d294a0551fe38710cd8c8a1ca32c71dcb3200496b9d1f722d6d36bd5e1541f8df8a95b1eb1baa88d23fd110c0970c14b33006ebe6f28b817c9717d682b698deaf8f06387ac580126631cb3bb35d8795c292a805f43a0bf9483a9bd50cfbfd7fa1afa27c3048e4e1786023697c855b3925032b10400e6d6045bca0dad419bc42c73744409917113b8895c36ca4166d40cd6b0d548efa5ea29062e2c164c2852d914349279540cc4dd8dcdd989b682fa1f6b54db8ff00090ab1390a891c9758d6e555981504136b0ed6000b915c0e23848de5019739c9700916b83a12bb9b6b6b8def6ec6b9bddd4bd1ccff00e2276662a99a3046994e63d8aa8d2e7bdc9161f315a9c4f033e372af45ba63505af17af94f722fe83bef5eb8e4d246d1885ca44a4028a5616d41b58d8022e2e41f5d2ba93f1a0b0195a42ca8a4b329bdf2e86db5cdc5be741830bc2312b10825c5058146558901365d802ce75d3d8fd6b1c1cad818ce631091bf5a426427dc83a13ef6a8c637c4540488b0eefe8598203efa026bc6339a712706b8902188b4851501123b01725f29f8145ad7617248b0b6b4161c73a28caa0851b05000fb56c60c7518ac6a5986a469a03dceba0aa2f13cc38b71e6c43ebbd8e4fe0b6a9f782bc130f8afc5759a4670533c6aee88eac1ac642a6ef73986526da6dad544de5c4a06e907ea49b1870e3aac36f8d87923df7635fb3f2c62278db3a471a953fa236964937215ddbf4680e97caa4efe6ef534c1e0e3894244888a365450a3ec2b3d1143623c3e4808498333e52d963917bb1b1371a765b7f135a710c2c2c20684383660d258c91b2d85d48b0b5b292bef7abf71983495191d4156163ffbd575c67c2e91c9e962630b7242490ded7fdf57fe959e5e797a4dcfbb7e3fc3b2f9aeafd91a91400a7385503716b1f425b4d7e95a788e318586e4cc24b103c8c1c9bdec32800f6bff003aea0f07b185727e230e89faa82520fcd4e95970fe07bdfcd8d41ecb01fe7d5fe95dcdb3be597a5da1dc6f9a99d5a28a364636b484a90011a9d0fc56d86bbf6b577bc30e4b6c5c91cf22e5c2c2d7507fb7706e7e62e0663b681477b4bf84f839848dc34d2c9301ae4d114dbf5ade623daf5634312a285550aaa000a000001b0006c2aebe52e5f1d9ee94a55725521e33e255b1aaaba98e101ef9ac8492cac01f2ecdbaeba907602aefaa33c6857fc782ca029854258939c6637bdc5810d7d076b1ef41c7f0bb03d5e250f97304cd21074f854d8fd18a9abdb1eca8924870e7caacc48c809b0277cc0d52be104aab8ff33e4bc4e035c0d7ca7b8b6ca4fd2ae8e2137e8a409888cb152144a5321245806ca01b13bda82ae9f8e8e8fe163625199cbb5d59d49662de5f886b7badef6040b695d3e5965c760d50b812e1e42b9ac48b8dae3f5594d8fb8f6a8f71a85fa91a874550d918aa9cb7d173117277ee6c4e9ebaec72de2461de544e981704caaf9bae739175cda122cd717bd9af6b02067fab72b6c6de3b33c6f56d714e06d856bb64b90046e8079551b30f3652c5ee14eaa46834234aef47c524c6b468645565233b468c82416cca5242766b06b6857e137bdeb9fc538abc922166411c7ba0b31cc4db5d0f6fe759f83f0563066b468edf0b10ccf61235d2c08b05dac181b9b1dc54c6faac5e4eb265ef53fc16190c6a433e522e003937d7f25aff003afd1d106e881dbd55431f9173a03f335cdc2e1e5445133a9365ff0078b74d06d752154fb94def6bd744b38f88c8bee81197e83296fb8ad583e6ce6bc1f471b888c2e50b2bd974f282d99469e808ab1fc0bc50cd898cb10c42be4ba853a90580f889d40276f87d7581f3f386e238965258750ea7bd8053fc454d3c0a8cf5a76cbe5e9819ec9753986972738bef60329ca6fa8141725294a0553de3bf047fd1e3b326450b115ca03924bb5f35ae576197b6a7b9ab86a33e20f2e7e3b08d18be74bbc633e452c15800e6c6ebadfe835141f304a2ae0f03f8f0314983795d4a3178915436657d5ade52da35c9dbe315524cbad810d6246653706ddc1f4ac9c2f88cb86956785ca3adecc3dc58a9f623fd5c0a0fa6f16bd4560a8d941b1691f3166bd82c62ec2f9ad73e5b6dbdf2f278bf0ac81b3aa9394e56be505ac42f9adebdab3726f3861b1e99d488fa0a3342c45d095d587aa0be50ddfcd5d6e27770030d5caa8537f22332ab31b7e760728f4be9b35e696540f88f2f61accc14457d435ee50b5b666bfcb7d77d340225ccb3ccd86fc2612279a289238da44532585ec146416bdc6a7d49ef7abaa2e178731f9e089ba79d46645360a5946e3f56d58b0385e99b0390797291f90b2aee3628cd9811eba8d4dc4d2f9949f2ff0085d8ac43299e33868be2218de665b8be44ec7d73588b8363a03efc54c741d58b03861088605bb7490279db42ada9bb2aa8bf7bb10751a58be22f3ea60e36857fef82c52d6654bfe727d2d7190ebafa10d5403cacecd23b166625998eeccc4924fb93ad74e43a915f43f8338674e1cb9e13112ec413706453621c820586e06f7001beb546f2cf2f4d8f9ba1005cc416bb921540eec4026db0db722bea5c061fa71471937c88ab7000be5005ec341f2a0d8a52940a52940a52940a52940a52940aa87c74c0aabe1b119ce76cd108c9240b79b3a8d81d6cdaebe5d34356f570f9d784362f053411843232f933e8030208371b6dfe850501ca3c53f0b8b867be88d624ded660549ff2b1fb57d1a08b8d7a8f6b8f417efe8a3df5247ad7cc3340d148d1bae564395c7a303fd0d5b9e15735878c605b2acab7c8e7f38ded6fcce06dfba3db509c63b85c4cdd47b9988214aee3fbabb122ff00136d73a806a2fc5701294103e5915886450a6ea216256e54120661a68d7cc46b6b897c8d6bac7ab9214c875b1fea46a728d058fc8e4c2c0aae428d1140bfa96d4dcf73654fa54d2ed09c1c7121311865676ba5e6b921a43f180c495001b0b01db6d6ba5c3f803e1a40ebd83322839b5d015b103cb6d829bdf539ad5da9620c509da526febe505d08f71607e76adccc592f6f3a1d40f55dc0f622f6f6614d1b7e458bba862b753f99416f6b15f881f6b1b77ad4e238c4c3c126211c648d492bba9236503f2926c34ee76359cc603e6439449a823626d7b11dc11af637075d6aa3f1539b84ec30b085f29b49229be723b06ee8baefdffba09a8af319399647918dd9d8927d493727ea4deae6f0478598f0d2e20ff6cc00195768ee2f98124824db29b58a9d35aa7787e09a795218d733368ab7552d6d6c0b102e75debe9ce07c3130d02428000aa012155731b6ac428b5c9d4d06fd294a05294a0a77c68e526263c5c11288d2361364b0b598653900d6f988b8f4d6dbd540e84120820ec41d0fc88afb00d555e2278631bc2d3e0509c47519dd4b9633751aec0177b022f987aea3b8a0a5b07214911d5990ab060cbf12106f75d46bf5ab0f03e236323525a5c3e281746264bc32da32a42db45b69d81d4b1d6f504e2bc2a7c29b622278f57552c080c6320365bee351aed622b4c496a0b466f1a1caca170683a9b1331210940a74118cc34bee373f3ae1f1cf12f1d8aceaa56147408cb18d4a8cda176b907cc755ca76a8616b7f3af265163afcbde83d3c659ae4dc9373dc927b927527debdc50b3e88acc75b2a82c74173a0d7402f5d0e1dcb78b9da311c125a43657656541b1cc588d14020e6dbd2e74abdf90f9261e1ad2482732bc8157cc14640352011a9bb5f5d340ba5c5c86af855c951e1618f1722b0c5491f9b35c6456370a10fc2d6b5fbef560d62ebafeb0fbd7ef5d7d45064a563eb2fa8a7597d45064a563eb2fa8a7597d45064a563eb2fa8a7597d45064a563eb2fa8a7597d45064a563eb2fa8a7597d45064a563eb2fa8afdeb2fa8a0aa3c51e43b9188c1c0ccceeed880aded9b380cda6c4597d4697aaba09ec77232b795fd083b123f9f6afa9facbea2ab1e74f0ca29723604c713f509915ddf2b0624961f15882761616f9506af2b789794c71e31490a0859145c926c0161df4b8b8d75d89d6a6dc3b99b0f3e758a5425f5be65520bb14519090d70aa09d3b7bd7cf98dc34d8679164464313806c09504ea087db6d41bf6d2b6071e918657cb25c6eeaaedf47f8bf8d07d218b233696fd1a5c0f9b0207fe4b7d6b99c6399f0d87bc9d6439d76539cdc0ba9b2ec08d093e8b5f3b0c5b6f9cfd8578967bdf3163617f336df4a09f737788ef8846c3e1c648c9b96bf9ad7b8048d0007b0ec06bd8d7e35206e58dafea7d07b56ff03e0b89c6b65c3c45ec5736caa99f3652de80e56d76d3e55737237877160f2cd2b192623506d950b04256d7b3656170d61da8307859c9870a8313366133a9010865c8ad94d9d4fe6041b1f427d74b12bf2f5fb40a52940ac32444ecd6acd4a0e2e2f844afb621d7e40570f1bc9f8a7db1f28fe1fcaa6d4a0ab31fe1ae2e42ac71eeccb7ca586ab716363b8d2b81278272dc9fc40d7f77feb579528287ff0062b8817fd3afa6c6bf63f06b1034eaa9fa55ef4a0a7b0de18e297fe20fdcd7462f0ef103fe20fdcd5a14a0ae63e429c7fc437dcd675e49987f6edf7353fa50411793a6fdbb7dcd7b1ca337ed9bee6a714a0848e539bf6edf735e872acffb76fb9a9a52821cbcaf37eddbef5ec72c4bfb66fbd4ba941131cb52fed9abd8e5c93f6ad529a50458f2e49fb56af0dcb127ed9bef52ca50439f95253fdb37deb5e4e4d94ff6ee3eb539a505792f21cc7fe2a51f5ffa56a4be1e624ed8c9bfcd5675282a1c5f85f8a90656c648ca7b36a3ec6b9ffec665ff00ea08f92ad5dd4a0a593c166d8e25ade9947cbd6b6f0be0eb23ac8314d9d4860d91742bb1dff9d5bd4a083f0fe4fc544a1571ac146ca228c01f402bb386e0f885df14cdfe05aefd283461c24837909fa0adb4523bd7ba50294a50294a50294a50294a50294a50294a50294a50294a50294a50294a50294a50294a50294a50294a50294a50294a50294a50294a50294a507fffd9),
(2, 'Motos', 0xffd8ffe000104a46494600010100000100010000ffdb0084000906071312121512131315161517181a1a1815171918181d1620181a1a1a21191a1a1e1d2a221e1e25211e1f213121272a2b2e2e2e1a203338332d37282d2e2b010a0a0a0e0d0e1a10101b2f251d2530352d2d2d2d2b2d2d2d372d2f2d2d2d322d2d2f2d302d302d372d2d2d2d2d2d2d2d2d2d2d2d2d2d2b2d2d2d2d2d2d2d2d2dffc000110800b7011303012200021101031101ffc4001c0001000203010101000000000000000000000607030405020801ffc400481000020102040404040207050506070000010203001104122131050613410722516132718191144223525362a1b1c143728292f0173344d1e1153463a2b2f116245483c2c3d2ffc400190101010101010100000000000000000000000103020405ffc4002b1101010002010205020505000000000000000102110321310412224151617113143291c14281a1b1e1ffda000c03010002110311003f00bc694a50294a50294a50294a50294a50294a50294a50294a50294a50294a5029587198a4891e490e54452ccde8145c9fb54270fe20c72e296088480bca117aa8111be12c2e7cc1825d8036be961413ca572f1dc7e089437511aed9405606e6c4db4bdb404fd2b1f06e2ad2bb2b0007c4b6f4f43ea683b14a52814a52814a52814a52814a52814a52814a52814a52814a52814a52814a52814a52814a52814a52814a52814a5282aaf15b817119655784bcd8760cbd14de22caab9996fe71b9bee2e46c75a9a2926c2e2c75cb2cb87915ca921ce752b627cd636d3bf6b57d4bc471d1c11b4b21b2adbb12492400aa06acc490028d49200deaa7e2d85827c3e364934638b950a5d55cdacca2f7d08f369aefed52f45937d112838919278a231c8f32b060d05c580b95283bdd4ea763ded566f86b81e2219e4c6cc8e840e9a85405479af7288a2ff0f73f09f5aa778c42cd91142f5b0c17232a8019090543311e7b7626dbdb6d2ae3f0eb986668162c60c9320f2b12844a8763e4245c69fc2b9c33994e8d3938b2c2eac5814af2ad71715eabb645294a05294a05294a05294a05294a05294a052b9fc738aa616169e407225b3101988b90b7b004db5d6b8986f11b863ed8c847b3b74fff00581536babdd2ba573b0fc6a1905e375907ac643ffe9bd79938dc6bb87faa91fc4d853cd0d574e95c23cd505edfc9a227ec1ef58f8ef384184856691652ad7b6542db7eb30f2a0fef11ed7a6d6e36754869509e11e28f0f9f4eaf4ffbe5003f239abb384e6fc1c8a59675ca342cc1947cae458fd296c8925aeed2b470fc630ee332cd191eb9856dc732b6aac08f620d5da3dd294a05294a05295827c5c69f1ba2ff007980fe7419e951be27cf7c3e0f8f1086dd96edfcb4acf8d48b1f04655a431359c1469222c0822c6d66b6b7b7a8140c57e9f1b1c7ba6197aafbeb23dd621e872af51c83b1311f4aaaf1c2356e241cff00bd9924416be661239361eeae3f85ea6388c061300d1e2c2b288afe6ea4acb9482a46ac41d3b7a8154af17c7cc5c3caac8595465604586444b807d4a1b9f7358f265e9b2777a7c3f1ef39965d9d2c370a5c4a9924919fa6c17a62c0043dc11beb71db6adf878ccf85c52c33227440558e55193c96f29b5f2e5b1b1b28dfdaa3dc0f8d2c53025bcade561ea1b4fe075fbd59184c061f17869209ed745ba4c32e644be60e0923453a91717566f414e2df9754f1127e25b8de89ef297141222806ea45d4fb1171fd47d2a4b54f78678d78d4c6da889eca6d6cca751f5bdf4f4357029b8bd698b1e4efb7ed294ae9c14a52814a52814a52814a52815af8fc6c7046d2caea88a2e598d80ff5e95b158e6815ec195580370180363ebaf7a0ab78ef18e21c63361f87c462c235d5f132f904836201b5f2feea824f7b024574f953c24c1616d24e3f1536f7907e8c1fdd8f507e6d7fa5584057ed07038972570f9f593070963f9d5046ff00e74b37f1ae262bc3e31ddb09c47198636d11e4ebc43fc126bff9aa755c4e6cc498a112840e1585c1f43717fbdbef529101e2585e290ffbe4c171041dd24fc3ca7dca93d3bfb006b2f09c560e5758ef3e0710db473031163ff86c2caffe13f4aec9e6d88a050a2363dd80b0fa8ad9bdd4d82321dd0812237b953fd2c7e75cee469ab6397c5791da5d4fe1a7f43344a5bfcf62dfc4547b15e1e40885a78da13f9461e495bea7a859147fab54c5b98f2c8d0f45d65c8cc9192324a546d1cbb0ec086008d4d8815d8e1d8c91e246913a6eca0b47983e4246ab98686dea2ba70a7b11c9c48021c7c800f85265bdbfc4ac00fa2d6b63786714897399a391100b647396de9665503eb6f9d5c98ae17049f146a0faaf94ff000dfeb5c89395c2b3344fab0018380730170012343e9b77a689554c9ce7c463f33348aa362a088c7b02be5fe35b587f1431a3fb527e7ad4af1dcb863bf4d7a648375b900936d55bd7d89fa8daa29370e4964915f0ff000100975cacdee1972b927dcdabcb9f89fc2bacf1e9f3ecf771f849cf37c7975f8bd2b67fda8e37f683fcabff002ac1378938e6fed88f969fcab4f0bcbd866721ff00111ae62a323a36c3520326c0e9f154af87724e13a664814e25c0b8eb5c91ff00d9b283ed70c3de97c6f149b9bbf68cf3f05cd87ea9aff48b45cc1c47177e9bcd201f1104e55fef392157ea4575781728be2c8ebe3a25bff648f99cfc8b597ed9857427cecd1a7e963914e8012a147eec600551eba5b4ad7c4c7d579f10c1644542b1447ca016f2aec468356363bd67f9e9beb3a7fdd4fddcfe5ee93ae11c9d82c25992005c7f692f9dafea0b68bfe1b56ff10c60edb8d88d2df5aab1398b1381c34644b20964627a6f6923541a0def62c45c0076fe3d8c17889fa18e5c66106476641261d81374b5c9898dc0d7d4d7ab1e4c739b959de2b1b5c57c40fc33224d19955988250e5751a6be8dbec7ef5e38b707c071083aa8c8aa481d51951a337be46be9637d41defa6f51fe3bc11388bac9c3f130c8175681c98a5d483601c58ea372476ae57089b11c2b10462a0916097c9323a9caea7ba9f8588f626e2e3bd65978799f5dd97e63bc793cb757b32f15e42c52951147d6537b3c63f5413a8eda036b120e801be94e07c71f0eaaf94b48a344b5f329b821876d7b6fbed5b5c5927e198856c3cce227fd242cac4abaef62366b5edee083debd6330d0e2237c5428aad71d58c69624ea0f721b520f7d7b835cfafacdf57d3e6f098f1f1e3cb3d5c77de77feeece0f3a2ff00f2bd3556b306620ef7f9ae9aa9b69e5ae8458be36f6cb34617b1fd09fb591ab4780e2e0689702ce229595ff0ef97cb77d16f616395ca92a6da35587ca786825c3472ac5919811246598e49109474373bab823e95b61c7949d6be6e5cf8fb6311bc345c52de7c7007d152323efd315d1c336354f9f16ce3d9225fff0059a97ae0e31f917ec2b20857f547d857730fad7179b7fd33f672b018a6fcd366f674507eeb61fc2ba71ce0d79c4e0d1c5997e446847b823507e5584e0881a35ffbdbff00987f506bb62dda56947248bba1fbdc7d08d7ee056cc32861a7d4771ec68325294a05294a05294a05294a0561c661965468dc5d58588acd4a0a8f98f9667c33172a64846ce82f947efaee3e62e2b9bc3b8849179a27f2feaeea6aeea8bf1de4882725e2fd04a75cc83cac7f7d363f3163ef59dc3e1a639fca3078c458a4e9c84c526eae3f2b0d995bfa1aee700c79914a3d84a9a381b1f465fdd61a8fa8ed50ae35c1a7c29b4f1f97b4abe68cfccfe53ecd6f6bd6b6031f24122c8873002c549d194eb6bf6b1d41edf53531babd5729b9d16a815a185e2f1ca6410b0731398e4b5fc8ebba9d3b7b56b706e628a7d01cafdd5b43f6eff317aece4162401aea6ddfdeb564d46c53fa0ae1731712c344164c42a338368c0456724fe54d2f7df4f99f7a9198eaa6f15f84c987c447c416ed1052806e219082035bd181bff79403b8a966fbacb65e8d94e79c598649e1c0c51aa33280e589246a6f942853b7adc9fad38573fe39da2797a411db58a3439ac37d598d881e6f7d07ad42f8571c9f106f338e8c76cc80050f6b817b77b13b5ab761c78963c4625008d40e8a126d6cd62cc3d485b7cf5ac796dc71f4f77a38719967ebedeebab96f8ee1b1cadd09c4990d9d6d62b7fd65201b1d75d8d8d6ee238042ff0014511ff0007ee2a8de09cc3161624386bc6c846676d4b93a1663dd4ed97e956170ef16b06d1a99f3c526c42ab3ab7ef2900903d8d88bf7deb8e3cbcf6cb8f6f95e6e29c731b8e5bdcdf4f677388f2c61f73136a32f95ce82d6d035c6d513e65e03825c308de49a148d99f30457b5f35f45b7af61e95dee25e26602103348ec48b8558d989edf21f522a05cff00ce6312a1228ca45fda37c6d95975361a2e506fdfe94bc18db2c9d99ce4cbdeb0e2f85e1268208f0b8dc374d4b33f5f3c0d2b68090593b0b802fa5ea57cb1c3f1492305c57570854810bba626c74b0dcf977d45be55560e35d48b0aa2f9e1570c6c06acc08b5bd1401f4aeae38e14c65d310af22ea1258082decac0100dff007b6fb577783d3a96c49cbd77645afc7b868c4c020921002d8a3442d932e96119b696d2c2da7d2a327803c649c3c6923dac63563119149b95647d3dc10d70554d79e40e5bc6e2d7adf8a970d169608d2317bfa2b3641eb72a77daadbe1bc3044a01779580b7524cb98fcf2aaafd80ace787ce597cfbfbcfe7a7f9dbd7c7e3ee187924e9f1eca438e70e781e458c0cf1375103286b8603a9115b1edfaa0eb6b76ab0f91f8b5e63e6464c5a7554a1baf5a30ab201fab9d0c72853adfa95eb9ff8500c98a0362037b1b101bed71fe5a8c606378d59a28d2f13acf094f2dd9731319526c3a81a48f3002fd617dabd5b78a63e6dd8b7e9583038b49a349633991d55d58770c0107ec6b3d5705294a057e6517bdb5f5afda50294a50294a50294a502bf09ae7f1ee350e0e2eb4cc42e60a00172ccc6c1547727fa553fcdfce134df8892369923ccb12c4cc635b0f8cdac335c8b117beb6bdb4a09af1cf143089096c3309e52d9517ccaa751762d6f840bedb91daf7a89717f16310f916011c3918755ee24cfa0d0023ca2fee4fbd5758ae2ec5aea88140f28b5ca6d7b1fa7f0ae6c9366bdf5b9b9b0ff009504f9bc55e202613bb288d6e3a0aaa11ae0efbbe9fdefca2bad84f1ae50f23490294d02202508f5666f369a1d2c7e2f6d6a98c5cd8024fa5aff00c293c17639810c7b1041fb1a0fa3b947c42c2e3e067932e1ec5818e575d5400735f4046a74df43a5b5af1c6b90a29075308c2263ae4de26f901aa7cd74f6af9b71301b5ef7bee07b7afad581e1f789d88827860c4cc0e109caccea58c6a132a8422d600817df4b9f9cb36b2e9d6c7e11e093a53a18e4d08d6e0ef628e3d6c6ddf4ed5dbe0fcd1244723fe953bb7e65ff00fafe7ee6aca10e1f111b6914b1b9f35b2bab11e5d77048b5bdad55078a9c1d708f1478691819affa1bbb1454f333dc798ad811adcef6db4e7cbaecebcdbeeb2301c423994323020d64c760d268da29143238b303dffebdefdaaa2e130e330610e789c4c7f46cad7590902c03f7b0dc328d74d2f521c6735711860690e11bc885cc8cbe4cabf135c36b6f41ad75b73a43f9a3929f0f39e90b9053a6b6bacd9db40546c0598bdfca32f6cc14c671ba910f533a465aec34123b1bb30f627bfa0152ce66e6391f0d11f2acd884673901022898eb6b92734854ebd9540005c9af5c9d1e173469fa5080132b948c31d06918bb31507d2c7bdb7a9a7772da38bc2a4926ca99bf0d7dcf4d4ba8d406cae6c6fa6e6ded5978960d62c5068f0c461d197caca5e326d7376b91976d09d6c6fa54e39bf0c23556c0ac932eb9da441e516045808c1efdf5f6ef5cbe11ccf2c202c91652e74c99816bd801a0df53a116d37ed53aa5b2b858ee4e98f49de68955c0605cb5c03b5eca74b5bf9561e28e616458489095746cb76cc64caa6fa0b5c5d6dfd4d5863178696e59623dcb02a06a77ea44c06f6dfbd7139a381c52a868fe2f284321ce82d7d03ae5b5c917cc1b61a8d6f76690bffb2cc70a4cc84676601891ae5d2c07f5d6b6b97f82cb899a35489dd0be566552557ca5ec4ec0d94e95b3c2516299bf100b08dca14641e619c03a35ec7b816d05f5afa1f97307045028c3c6b1a35db2a8b0b9dcff000b7d2b9c33995b27b3be4e2bc731b7dfab3f07c0882148c0d86bf3efff002fa56ed295a316b711c1acd13c4ff0b820fb7b8f7075fa555b85261778df78c9471b5c5ed7f6f63ee2ac1e6ce658b87c1d79731170a1575249dbe42f604eb6b8af9f8f199b158bc448afd1fc412cca002400a010a6c35b5cded7f2fad4faac599c4f9c9b84e170aab0091240e41cf6cb67cd940b1b8cafa5b6b6db541715e2663e58f219d81241ea46aa8c08727b0d8ae86f7bdbef32e6de18b8ae1f1c5986744bc4deaf1aea2e760cbebdaa2dc1bc29c5c9189259238417c994ddd81cfd3370ba6fe8c6fed59e1cb32cb2c75d9de585925f973873f637a826ebc99d5728172508cf9b58fe126da66373fc2ba3c3fc4cc6c6ac9d60c5c92ad22f51a32587945ade5b7adcea6d6aeeff00b1739f2fe33f2dc1e91d4dec45ba9f2fbd73788f8613a468f1a89336dd27f31d09be490016b6bf1fd2b4669bf01f13e199d1268fa19ae0bb3ae557bd829ee035ae0fcfe666f82c6c7320789d644370190861a1b1171e874af95b131c98791e36564753621d6cc2da8254edebfd6a63ca3cef361d801248d182acd104460db06097d4335cb696d7d6a8bfe95a3c1b8b458a8fab11256e575565208dc58815bd40a52940afc6361735fb509f1578bc31e11a07959249402aa848242ba6624d8d975d7627614109e6ee769598b0292c493c8aa10d952c0056606ccce3e2d465d4dbb1aac71dc46494de47673adae7d6b2f13c6663954054049017637eff003aeaf87dcb3f8fc5057490c11d9a729b8537cabbdfcc45bcb73606deb41ef93f91b11c433bad92340096607cfbe91afe6f848cda0b8f98ab5f977c35c0c0409a2188ea0215e53981cb720851600b21cdb5c146d76a95244b0223c0418a2010a13f020b0b66ed937b36c336a2a0dc4f9c3138977c1f0c8b3f46ecd392a32006e02dcdb437516cd980f4a96e964da43172ae0b2c97c1618b205816f0c6466dc3db2fe6ceac48f4f6ae7710f0d20959e35768d729202f9d5459152eb26617bac8c4ae52491ae9514e0fc338962cb48fc425c29f8bccae031c86cda3afe5cf7d3ca147aad7e47c45e3f2e3a598c7210bf8b87118a08aa0924bc6486b6a2dadbccdadad74bb5b8d885f3272d62300ca2600a3ae6475d41076b8dd5bbe53ef626c6d1fc54232922fec3b7cebe8e9b90b0f888cab9c484603317c4cceed972d8956728a4651b86ff0daa86e60e19f84c4cb872d9954931b916ce849cadf5f5dae0db4b5572957837cf3f849170320530caf7560157a6cd7bbbb122e2c00d7603dac7abc1f8cc78be25c4f1b24b6e9208f0d626f90395396db660bbffe2b6f556e0f072c8e9d043232b0601119c83707cda116b8efa54c380f27f118e3651922ce41f3b8b8b69b2e6fb1a0ed711c6c18597f1587747c3bbabcf866fc9229d2645bf958ecca342091a8232f578bf89f856c2cb0e162997aaae33f96cac4006cae4f94fa5bb936be951d1e179639e49d6f6d7221373ea4b1dfded5879ab951608c490801116cc2e6fae808bdc9b93adcd45470620bc849362c8aabed6b0cbec34234a9df871c0c999e5790f4b6e9dfe123526dea36b8fd6bee05576f99b2d981216e0ded6b76f9e9b54bb913981a260b205cae4ae6ee4d81b37afb7cfecfaafd165e2311a155b04db281dbfea2b85c7702b2adc81751716001206ebb5b6db4feb5baf8953b1f4ff5f6ae6714e2216336d4e53603bd12e3b68e130ea30d9ed6eaa91a6e3d989b0b1faea37d2b8f0e3061d88619925625c0b90336e00b5b43dfe7ed5d21195558c9cec401a5828000b5bbfb76db6a867fdb1695ae892451b82a466008506cb7db2dfcc465b9b6f622b9cf7ae8ef0d6faf64d31bc1259d5265b5d248c313bba6aaacdeacb7b1f500771adc7cb9ff00768c8d88247d589a8c700e5591f071755b24aeb9a45036ce4b05b5f42010a7dc54d70d0844545d94003e82d538f1b275eebcb94b753b7b32560c6e2d218de590e54452ccd626c145c9b0d6b3d40bc61e2ef0e116242075db231f3821458dd4ae9bd8104ea18ef5a3254bcf3c7db1d8a796ec515ed0a9b10ab600953941b3150d6d6d7dfbd7e722f2c4d8ec4aac6dd358c8679ad7cb63b0f563d94f6b93a0d786aa5d801a936517d3dbe9e9f5afa3795f81c782c2a61f423e2332f773b93e96d81dac003e8438383c23c5d5c2685e3f3437d8dae547dbcbf222a43c1e563010c2c44b1102f7f2978fbfa82083ee2fdeb83ccb33fe27f10a172e1ad1c8403fa5cc6e48f64056fe85c8ed73e38bf1b9e296cae9d2902491b328f285605c5c6f96c1f5be99abcf9e3ae499cfb5fe1e9e1c32e59709dfbc4f27367463b5997ee037ff0089ad2c139c896b16c8110761603339f6be9ef947ad70799b8be2208a3ced16673646405c9254a9396eb7166bdc0b6d5dde138c8c28cde47cbaa9b8ca147c209ec076dfb91ad6ef3e9a1cd3cad87c5c4217406463759ac33a6c59ef6fa65dae54580da81e66e032e0310f039b81f0badc2b8f51fc88ec6be8e189cccd6be63bdb5641d900ecdadc93a0277d0547fc43e5b38bc13001233082f103ab1206aa5af61985c1f8ae6c6fa554575e1e736b61e745795d6062ab22b00ebf0b2861b14b1ca4b5ce97d2af98e40c032904100820dc1075041ee2be4cc24b94839881bfcfe63bd7d15e19f176c4e050ba80633d3bae401828163917e0d0db2903e1b8d08a095d294a0551fe38710cd8c8a1ca32c71dcb3200496b9d1f722d6d36bd5e1541f8df8a95b1eb1baa88d23fd110c0970c14b33006ebe6f28b817c9717d682b698deaf8f06387ac580126631cb3bb35d8795c292a805f43a0bf9483a9bd50cfbfd7fa1afa27c3048e4e1786023697c855b3925032b10400e6d6045bca0dad419bc42c73744409917113b8895c36ca4166d40cd6b0d548efa5ea29062e2c164c2852d914349279540cc4dd8dcdd989b682fa1f6b54db8ff00090ab1390a891c9758d6e555981504136b0ed6000b915c0e23848de5019739c9700916b83a12bb9b6b6b8def6ec6b9bddd4bd1ccff00e2276662a99a3046994e63d8aa8d2e7bdc9161f315a9c4f033e372af45ba63505af17af94f722fe83bef5eb8e4d246d1885ca44a4028a5616d41b58d8022e2e41f5d2ba93f1a0b0195a42ca8a4b329bdf2e86db5cdc5be741830bc2312b10825c5058146558901365d802ce75d3d8fd6b1c1cad818ce631091bf5a426427dc83a13ef6a8c637c4540488b0eefe8598203efa026bc6339a712706b8902188b4851501123b01725f29f8145ad7617248b0b6b4161c73a28caa0851b05000fb56c60c7518ac6a5986a469a03dceba0aa2f13cc38b71e6c43ebbd8e4fe0b6a9f782bc130f8afc5759a4670533c6aee88eac1ac642a6ef73986526da6dad544de5c4a06e907ea49b1870e3aac36f8d87923df7635fb3f2c62278db3a471a953fa236964937215ddbf4680e97caa4efe6ef534c1e0e3894244888a365450a3ec2b3d1143623c3e4808498333e52d963917bb1b1371a765b7f135a710c2c2c20684383660d258c91b2d85d48b0b5b292bef7abf71983495191d4156163ffbd575c67c2e91c9e962630b7242490ded7fdf57fe959e5e797a4dcfbb7e3fc3b2f9aeafd91a91400a7385503716b1f425b4d7e95a788e318586e4cc24b103c8c1c9bdec32800f6bff003aea0f07b185727e230e89faa82520fcd4e95970fe07bdfcd8d41ecb01fe7d5fe95dcdb3be597a5da1dc6f9a99d5a28a364636b484a90011a9d0fc56d86bbf6b577bc30e4b6c5c91cf22e5c2c2d7507fb7706e7e62e0663b681477b4bf84f839848dc34d2c9301ae4d114dbf5ade623daf5634312a285550aaa000a000001b0006c2aebe52e5f1d9ee94a55725521e33e255b1aaaba98e101ef9ac8492cac01f2ecdbaeba907602aefaa33c6857fc782ca029854258939c6637bdc5810d7d076b1ef41c7f0bb03d5e250f97304cd21074f854d8fd18a9abdb1eca8924870e7caacc48c809b0277cc0d52be104aab8ff33e4bc4e035c0d7ca7b8b6ca4fd2ae8e2137e8a409888cb152144a5321245806ca01b13bda82ae9f8e8e8fe163625199cbb5d59d49662de5f886b7badef6040b695d3e5965c760d50b812e1e42b9ac48b8dae3f5594d8fb8f6a8f71a85fa91a874550d918aa9cb7d173117277ee6c4e9ebaec72de2461de544e981704caaf9bae739175cda122cd717bd9af6b02067fab72b6c6de3b33c6f56d714e06d856bb64b90046e8079551b30f3652c5ee14eaa46834234aef47c524c6b468645565233b468c82416cca5242766b06b6857e137bdeb9fc538abc922166411c7ba0b31cc4db5d0f6fe759f83f0563066b468edf0b10ccf61235d2c08b05dac181b9b1dc54c6faac5e4eb265ef53fc16190c6a433e522e003937d7f25aff003afd1d106e881dbd55431f9173a03f335cdc2e1e5445133a9365ff0078b74d06d752154fb94def6bd744b38f88c8bee81197e83296fb8ad583e6ce6bc1f471b888c2e50b2bd974f282d99469e808ab1fc0bc50cd898cb10c42be4ba853a90580f889d40276f87d7581f3f386e238965258750ea7bd8053fc454d3c0a8cf5a76cbe5e9819ec9753986972738bef60329ca6fa8141725294a0553de3bf047fd1e3b326450b115ca03924bb5f35ae576197b6a7b9ab86a33e20f2e7e3b08d18be74bbc633e452c15800e6c6ebadfe835141f304a2ae0f03f8f0314983795d4a3178915436657d5ade52da35c9dbe315524cbad810d6246653706ddc1f4ac9c2f88cb86956785ca3adecc3dc58a9f623fd5c0a0fa6f16bd4560a8d941b1691f3166bd82c62ec2f9ad73e5b6dbdf2f278bf0ac81b3aa9394e56be505ac42f9adebdab3726f3861b1e99d488fa0a3342c45d095d587aa0be50ddfcd5d6e27770030d5caa8537f22332ab31b7e760728f4be9b35e696540f88f2f61accc14457d435ee50b5b666bfcb7d77d340225ccb3ccd86fc2612279a289238da44532585ec146416bdc6a7d49ef7abaa2e178731f9e089ba79d46645360a5946e3f56d58b0385e99b0390797291f90b2aee3628cd9811eba8d4dc4d2f9949f2ff0085d8ac43299e33868be2218de665b8be44ec7d73588b8363a03efc54c741d58b03861088605bb7490279db42ada9bb2aa8bf7bb10751a58be22f3ea60e36857fef82c52d6654bfe727d2d7190ebafa10d5403cacecd23b166625998eeccc4924fb93ad74e43a915f43f8338674e1cb9e13112ec413706453621c820586e06f7001beb546f2cf2f4d8f9ba1005cc416bb921540eec4026db0db722bea5c061fa71471937c88ab7000be5005ec341f2a0d8a52940a52940a52940a52940a52940aa87c74c0aabe1b119ce76cd108c9240b79b3a8d81d6cdaebe5d34356f570f9d784362f053411843232f933e8030208371b6dfe850501ca3c53f0b8b867be88d624ded660549ff2b1fb57d1a08b8d7a8f6b8f417efe8a3df5247ad7cc3340d148d1bae564395c7a303fd0d5b9e15735878c605b2acab7c8e7f38ded6fcce06dfba3db509c63b85c4cdd47b9988214aee3fbabb122ff00136d73a806a2fc5701294103e5915886450a6ea216256e54120661a68d7cc46b6b897c8d6bac7ab9214c875b1fea46a728d058fc8e4c2c0aae428d1140bfa96d4dcf73654fa54d2ed09c1c7121311865676ba5e6b921a43f180c495001b0b01db6d6ba5c3f803e1a40ebd83322839b5d015b103cb6d829bdf539ad5da9620c509da526febe505d08f71607e76adccc592f6f3a1d40f55dc0f622f6f6614d1b7e458bba862b753f99416f6b15f881f6b1b77ad4e238c4c3c126211c648d492bba9236503f2926c34ee76359cc603e6439449a823626d7b11dc11af637075d6aa3f1539b84ec30b085f29b49229be723b06ee8baefdffba09a8af319399647918dd9d8927d493727ea4deae6f0478598f0d2e20ff6cc00195768ee2f98124824db29b58a9d35aa7787e09a795218d733368ab7552d6d6c0b102e75debe9ce07c3130d02428000aa012155731b6ac428b5c9d4d06fd294a05294a0a77c68e526263c5c11288d2361364b0b598653900d6f988b8f4d6dbd540e84120820ec41d0fc88afb00d555e2278631bc2d3e0509c47519dd4b9633751aec0177b022f987aea3b8a0a5b07214911d5990ab060cbf12106f75d46bf5ab0f03e236323525a5c3e281746264bc32da32a42db45b69d81d4b1d6f504e2bc2a7c29b622278f57552c080c6320365bee351aed622b4c496a0b466f1a1caca170683a9b1331210940a74118cc34bee373f3ae1f1cf12f1d8aceaa56147408cb18d4a8cda176b907cc755ca76a8616b7f3af265163afcbde83d3c659ae4dc9373dc927b927527debdc50b3e88acc75b2a82c74173a0d7402f5d0e1dcb78b9da311c125a43657656541b1cc588d14020e6dbd2e74abdf90f9261e1ad2482732bc8157cc14640352011a9bb5f5d340ba5c5c86af855c951e1618f1722b0c5491f9b35c6456370a10fc2d6b5fbef560d62ebafeb0fbd7ef5d7d45064a563eb2fa8a7597d45064a563eb2fa8a7597d45064a563eb2fa8a7597d45064a563eb2fa8a7597d45064a563eb2fa8a7597d45064a563eb2fa8afdeb2fa8a0aa3c51e43b9188c1c0ccceeed880aded9b380cda6c4597d4697aaba09ec77232b795fd083b123f9f6afa9facbea2ab1e74f0ca29723604c713f509915ddf2b0624961f15882761616f9506af2b789794c71e31490a0859145c926c0161df4b8b8d75d89d6a6dc3b99b0f3e758a5425f5be65520bb14519090d70aa09d3b7bd7cf98dc34d8679164464313806c09504ea087db6d41bf6d2b6071e918657cb25c6eeaaedf47f8bf8d07d218b233696fd1a5c0f9b0207fe4b7d6b99c6399f0d87bc9d6439d76539cdc0ba9b2ec08d093e8b5f3b0c5b6f9cfd8578967bdf3163617f336df4a09f737788ef8846c3e1c648c9b96bf9ad7b8048d0007b0ec06bd8d7e35206e58dafea7d07b56ff03e0b89c6b65c3c45ec5736caa99f3652de80e56d76d3e55737237877160f2cd2b192623506d950b04256d7b3656170d61da8307859c9870a8313366133a9010865c8ad94d9d4fe6041b1f427d74b12bf2f5fb40a52940ac32444ecd6acd4a0e2e2f844afb621d7e40570f1bc9f8a7db1f28fe1fcaa6d4a0ab31fe1ae2e42ac71eeccb7ca586ab716363b8d2b81278272dc9fc40d7f77feb579528287ff0062b8817fd3afa6c6bf63f06b1034eaa9fa55ef4a0a7b0de18e297fe20fdcd7462f0ef103fe20fdcd5a14a0ae63e429c7fc437dcd675e49987f6edf7353fa50411793a6fdbb7dcd7b1ca337ed9bee6a714a0848e539bf6edf735e872acffb76fb9a9a52821cbcaf37eddbef5ec72c4bfb66fbd4ba941131cb52fed9abd8e5c93f6ad529a50458f2e49fb56af0dcb127ed9bef52ca50439f95253fdb37deb5e4e4d94ff6ee3eb539a505792f21cc7fe2a51f5ffa56a4be1e624ed8c9bfcd5675282a1c5f85f8a90656c648ca7b36a3ec6b9ffec665ff00ea08f92ad5dd4a0a593c166d8e25ade9947cbd6b6f0be0eb23ac8314d9d4860d91742bb1dff9d5bd4a083f0fe4fc544a1571ac146ca228c01f402bb386e0f885df14cdfe05aefd283461c24837909fa0adb4523bd7ba50294a50294a50294a50294a50294a50294a50294a50294a50294a50294a50294a50294a50294a50294a50294a50294a50294a50294a50294a507fffd9);

-- --------------------------------------------------------

--
-- Estructura de tabla para la tabla `comentario`
--

CREATE TABLE `comentario` (
  `idComentario` int(11) NOT NULL,
  `contenido` text,
  `idArticulo` int(11) DEFAULT NULL,
  `idUsuario` int(11) DEFAULT NULL
) ENGINE=InnoDB DEFAULT CHARSET=latin1;

--
-- Volcado de datos para la tabla `comentario`
--

INSERT INTO `comentario` (`idComentario`, `contenido`, `idArticulo`, `idUsuario`) VALUES
(1, 'Es muy bonita', 1, 3);

-- --------------------------------------------------------

--
-- Estructura de tabla para la tabla `suscripcion`
--

CREATE TABLE `suscripcion` (
  `idsuscripcion` int(11) NOT NULL,
  `idcategoria` int(11) DEFAULT NULL,
  `idusuario` int(11) DEFAULT NULL
) ENGINE=InnoDB DEFAULT CHARSET=latin1;

--
-- Volcado de datos para la tabla `suscripcion`
--

INSERT INTO `suscripcion` (`idsuscripcion`, `idcategoria`, `idusuario`) VALUES
(1, 2, 2),
(2, 1, 3);

-- --------------------------------------------------------

--
-- Estructura de tabla para la tabla `tag`
--

CREATE TABLE `tag` (
  `idtag` int(11) NOT NULL,
  `idArticulo` int(11) DEFAULT NULL,
  `idCategoria` int(11) DEFAULT NULL
) ENGINE=InnoDB DEFAULT CHARSET=latin1;

--
-- Volcado de datos para la tabla `tag`
--

INSERT INTO `tag` (`idtag`, `idArticulo`, `idCategoria`) VALUES
(1, 1, 1),
(2, 1, 2);

--
-- Estructura de tabla para la tabla `usuario`
--

CREATE TABLE `usuario` (
  `idusuario` int(11) NOT NULL,
  `nombre` varchar(25) DEFAULT NULL,
  `apellidos` varchar(50) DEFAULT NULL,
  `edad` int(11) DEFAULT NULL,
  `email` varchar(75) DEFAULT NULL,
  `login` varchar(25) DEFAULT NULL,
  `password` varchar(100) CHARACTER SET keybcs2 DEFAULT NULL,
  `enabled` tinyint not null default 1
) ENGINE=InnoDB DEFAULT CHARSET=latin1;

--
-- Volcado de datos para la tabla `usuario`
--

INSERT INTO `usuario` (`idusuario`, `nombre`, `apellidos`, `edad`, `email`, `login`, `password`, `enabled`) VALUES
(2, 'usuario', 'usuario', 22, 'usuario@gmail.com', 'usuario', '$2a$10$O9wxmH/AeyZZzIS09Wp8YOEMvFnbRVJ8B4dmAMVSGloR62lj.yqXG', 1),
(1, 'admin', 'admin', 22, 'admin@gmail.com', 'admin', '$2a$10$DOMDxjYyfZ/e7RcBfUpzqeaCs8pLgcizuiQWXPkU35nOhZlFcE9MS', 1),
(3, 'menor', 'menor', 17, 'menor@gmail.com', 'menor', '$2a$10$DOMDxjYyfZ/e7RcBfUpzqeaCs8pLgcizuiQWXPkU35nOhZlFcE9MS', 1);

-- --------------------------------------------------------

--
-- Estructura de tabla para la tabla `rol`
--

CREATE TABLE `rol` (
  `idrol` int(11) NOT NULL,
  `nombre` varchar(25) DEFAULT NULL
) ENGINE=InnoDB DEFAULT CHARSET=latin1;

--
-- Volcado de datos para la tabla `rol`
--

INSERT INTO `rol` (`idrol`, `nombre`) VALUES
(1, 'ADMIN'),
(2, 'USER'),
(3, 'MENOR');

-- --------------------------------------------------------

-- --------------------------------------------------------

--
-- Estructura de tabla para la tabla `usuarios_has_rol`
--

CREATE TABLE `usuariosDetalles` (
  `idusuariosDetalles` int(11) NOT NULL,
  `idusuario` int(11) DEFAULT NULL,
  `idrol` int(11) DEFAULT NULL
) ENGINE=InnoDB DEFAULT CHARSET=latin1;

--
-- Volcado de datos para la tabla `rol`
--

INSERT INTO `usuariosDetalles` (`idusuariosDetalles`, `idusuario`, `idrol`) VALUES
(1, 1, 1),
(2, 1, 2),
(3, 2, 2),
(4, 3, 2),
(5, 3, 3);

-- --------------------------------------------------------

--
-- Índices para tablas volcadas
--

--
-- Indices de la tabla `articulo`
--
ALTER TABLE `articulo`
  ADD PRIMARY KEY (`idArticulo`),
  ADD KEY `articulo_usuario_FK` (`idUsuario`);

--
-- Indices de la tabla `categoria`
--
ALTER TABLE `categoria`
  ADD PRIMARY KEY (`idCategoria`);

--
-- Indices de la tabla `comentario`
--
ALTER TABLE `comentario`
  ADD PRIMARY KEY (`idComentario`),
  ADD KEY `comentario_articulo_FK` (`idArticulo`),
  ADD KEY `comentario_usuario_FK` (`idUsuario`);

--
-- Indices de la tabla `suscripcion`
--
ALTER TABLE `suscripcion`
  ADD PRIMARY KEY (`idsuscripcion`),
  ADD KEY `usuario_suscripcion_FK` (`idusuario`),
  ADD KEY `categoria_suscripcion_FK` (`idcategoria`);

--
-- Indices de la tabla `tag`
--
ALTER TABLE `tag`
  ADD PRIMARY KEY (`idtag`),
  ADD KEY `tag_articulo_FK` (`idArticulo`),
  ADD KEY `tag_categoria_FK` (`idCategoria`);

--
-- Indices de la tabla `rol`
--
ALTER TABLE `rol`
  ADD PRIMARY KEY (`idRol`);

--
-- Indices de la tabla `usuario`
--
ALTER TABLE `usuario`
  ADD PRIMARY KEY (`idusuario`);

  ALTER TABLE `usuariosDetalles`
    ADD PRIMARY KEY (`idusuariosDetalles`),
    ADD KEY `usuariosDetalles_usuario_FK` (`idusuario`),
    ADD KEY `usuariosDetalles_rol_FK` (`idrol`);
--
-- AUTO_INCREMENT de las tablas volcadas
--

--
-- AUTO_INCREMENT de la tabla `articulo`
--
ALTER TABLE `articulo`
  MODIFY `idArticulo` int(11) NOT NULL AUTO_INCREMENT, AUTO_INCREMENT=2;

--
-- AUTO_INCREMENT de la tabla `categoria`
--
ALTER TABLE `categoria`
  MODIFY `idCategoria` int(11) NOT NULL AUTO_INCREMENT, AUTO_INCREMENT=3;

--
-- AUTO_INCREMENT de la tabla `comentario`
--
ALTER TABLE `comentario`
  MODIFY `idComentario` int(11) NOT NULL AUTO_INCREMENT, AUTO_INCREMENT=2;

--
-- AUTO_INCREMENT de la tabla `suscripcion`
--
ALTER TABLE `suscripcion`
  MODIFY `idsuscripcion` int(11) NOT NULL AUTO_INCREMENT, AUTO_INCREMENT=3;

--
-- AUTO_INCREMENT de la tabla `tag`
--
ALTER TABLE `tag`
  MODIFY `idtag` int(11) NOT NULL AUTO_INCREMENT, AUTO_INCREMENT=3;

--
-- AUTO_INCREMENT de la tabla `tipousuario`
--
ALTER TABLE `rol`
  MODIFY `idrol` int(11) NOT NULL AUTO_INCREMENT, AUTO_INCREMENT=4;

--
-- AUTO_INCREMENT de la tabla `usuario`
--
ALTER TABLE `usuario`
  MODIFY `idusuario` int(11) NOT NULL AUTO_INCREMENT, AUTO_INCREMENT=4;

--
-- Restricciones para tablas volcadas
--

--
-- Filtros para la tabla `articulo`
--
ALTER TABLE `articulo`
  ADD CONSTRAINT `articulo_usuario_FK` FOREIGN KEY (`idUsuario`) REFERENCES `usuario` (`idusuario`);

--
-- Filtros para la tabla `comentario`
--
ALTER TABLE `comentario`
  ADD CONSTRAINT `comentario_articulo_FK` FOREIGN KEY (`idArticulo`) REFERENCES `articulo` (`idArticulo`),
  ADD CONSTRAINT `comentario_usuario_FK` FOREIGN KEY (`idUsuario`) REFERENCES `usuario` (`idusuario`);

--
-- Filtros para la tabla `suscripcion`
--
ALTER TABLE `suscripcion`
  ADD CONSTRAINT `categoria_suscripcion_FK` FOREIGN KEY (`idcategoria`) REFERENCES `categoria` (`idCategoria`),
  ADD CONSTRAINT `usuario_suscripcion_FK` FOREIGN KEY (`idusuario`) REFERENCES `usuario` (`idusuario`);

--
-- Filtros para la tabla `tag`
--
ALTER TABLE `tag`
  ADD CONSTRAINT `tag_articulo_FK` FOREIGN KEY (`idArticulo`) REFERENCES `articulo` (`idArticulo`),
  ADD CONSTRAINT `tag_categoria_FK` FOREIGN KEY (`idCategoria`) REFERENCES `categoria` (`idCategoria`);

--
-- Filtros para la tabla `usuario`
--
ALTER TABLE `usuariosDetalles`
  ADD CONSTRAINT `usuariosDetalles_usuario_FK` FOREIGN KEY (`idusuario`) REFERENCES `usuario` (`idusuario`),
  ADD CONSTRAINT `usuariosDetalles_rol_FK` FOREIGN KEY (`idrol`) REFERENCES `rol` (`idrol`);
COMMIT;

/*!40101 SET CHARACTER_SET_CLIENT=@OLD_CHARACTER_SET_CLIENT */;
/*!40101 SET CHARACTER_SET_RESULTS=@OLD_CHARACTER_SET_RESULTS */;
/*!40101 SET COLLATION_CONNECTION=@OLD_COLLATION_CONNECTION */;
